"country","department","COD","municipality","scale","year","bronchitis","myocardial","bronchial_emphysema","cerebral_infarction","conduct_cardiac","laryngitis","acute_resp","chronic_resp","pharyngitis","pneumonia","tonsillitis","tracheitis","neoplasm_respiratory","malaria","cutaneous_leishmaniasis","visceral_leishmaniasis","chagas","rickettsia"
"Ecuador","Azuay","EC010150","Cuenca","parroquia",2015,41,166,161,85,26,80,63,52,9,1489,57,1,NA,NA,NA,NA,NA,NA
"Ecuador","Azuay","EC010150","Cuenca","parroquia",2016,39,187,155,106,19,64,84,76,26,1788,52,4,1,2,NA,NA,NA,NA
"Ecuador","Azuay","EC010250","Giron","parroquia",2015,NA,2,15,NA,NA,1,NA,3,1,48,1,NA,NA,NA,NA,NA,NA,NA
"Ecuador","Azuay","EC010250","Giron","parroquia",2016,NA,NA,24,NA,NA,NA,NA,1,2,44,NA,NA,NA,NA,NA,NA,NA,NA
"Ecuador","Azuay","EC010250","Giron","parroquia",2019,NA,2,25,NA,1,2,2,NA,NA,130,1,NA,NA,NA,NA,NA,NA,NA
"Ecuador","Azuay","EC010250","Giron","parroquia",2020,NA,NA,17,NA,NA,NA,NA,1,NA,48,NA,NA,NA,NA,NA,NA,NA,NA
"Ecuador","Azuay","EC010350","Gualaceo","parroquia",2015,3,2,15,2,NA,4,2,7,2,131,2,NA,NA,NA,NA,NA,NA,NA
"Ecuador","Azuay","EC010350","Gualaceo","parroquia",2016,4,2,34,NA,1,3,1,4,1,132,7,NA,NA,NA,NA,NA,NA,NA
"Ecuador","Azuay","EC010350","Gualaceo","parroquia",2019,3,1,53,NA,1,6,2,9,1,125,1,NA,NA,NA,NA,NA,NA,NA
"Ecuador","Azuay","EC010350","Gualaceo","parroquia",2020,NA,2,11,6,1,4,NA,1,3,84,3,NA,NA,NA,NA,NA,NA,NA
"Ecuador","Azuay","EC010550","Paute","parroquia",2015,NA,1,28,2,NA,2,1,5,NA,177,2,NA,NA,NA,NA,NA,NA,NA
"Ecuador","Azuay","EC010550","Paute","parroquia",2016,NA,1,60,7,NA,3,2,1,1,136,11,NA,NA,NA,NA,NA,NA,NA
"Ecuador","Azuay","EC010550","Paute","parroquia",2019,1,4,61,2,NA,1,4,6,1,2,6,NA,NA,NA,NA,NA,NA,NA
"Ecuador","Azuay","EC010550","Paute","parroquia",2020,NA,NA,25,6,NA,NA,NA,NA,NA,3,NA,NA,NA,NA,NA,NA,NA,NA
"Ecuador","Azuay","EC010850","Santa Isabel (Chaguarurco)","parroquia",2015,4,NA,2,NA,1,NA,NA,3,NA,59,1,NA,NA,NA,NA,NA,NA,NA
"Ecuador","Azuay","EC010850","Santa Isabel (Chaguarurco)","parroquia",2016,NA,NA,NA,NA,NA,1,NA,1,NA,57,NA,NA,NA,NA,NA,NA,NA,NA
"Ecuador","Azuay","EC010850","Santa Isabel (Chaguarurco)","parroquia",2019,NA,NA,NA,NA,NA,NA,NA,3,1,53,1,NA,NA,NA,NA,NA,NA,NA
"Ecuador","Azuay","EC010850","Santa Isabel (Chaguarurco)","parroquia",2020,NA,1,4,NA,NA,NA,NA,NA,NA,25,NA,NA,NA,1,NA,NA,NA,NA
"Ecuador","Azuay","EC010950","Sigsig","parroquia",2015,NA,2,19,NA,NA,6,2,1,NA,94,4,NA,NA,NA,NA,NA,NA,NA
"Ecuador","Azuay","EC010950","Sigsig","parroquia",2016,NA,1,15,NA,NA,3,2,8,NA,95,3,NA,NA,NA,NA,NA,NA,NA
"Ecuador","Azuay","EC010950","Sigsig","parroquia",2019,7,1,30,NA,1,3,3,4,NA,127,5,NA,NA,NA,NA,NA,NA,NA
"Ecuador","Azuay","EC010950","Sigsig","parroquia",2020,NA,2,16,1,NA,1,NA,NA,NA,69,2,NA,NA,NA,NA,NA,NA,NA
"Ecuador","Azuay","EC011350","Sevilla de Oro","parroquia",2015,NA,1,NA,NA,NA,NA,NA,NA,NA,NA,NA,NA,NA,NA,NA,NA,NA,NA
"Ecuador","Azuay","EC011350","Sevilla de Oro","parroquia",2016,NA,NA,NA,NA,NA,NA,NA,NA,NA,1,NA,NA,NA,NA,NA,NA,NA,NA
"Ecuador","Bolivar","EC020150","Guaranda","parroquia",2015,1,1,143,1,NA,21,21,4,2,183,2,NA,1,NA,NA,NA,NA,NA
"Ecuador","Bolivar","EC020150","Guaranda","parroquia",2016,6,4,160,1,1,20,37,12,2,242,3,NA,1,NA,NA,NA,NA,NA
"Ecuador","Bolivar","EC020150","Guaranda","parroquia",2019,3,2,25,2,NA,2,2,6,NA,25,3,NA,NA,NA,NA,NA,NA,NA
"Ecuador","Bolivar","EC020150","Guaranda","parroquia",2020,NA,NA,13,3,NA,NA,NA,2,NA,19,NA,NA,NA,NA,NA,NA,NA,NA
"Ecuador","Bolivar","EC020250","Chillanes","parroquia",2015,1,3,6,NA,NA,2,3,4,5,61,3,NA,NA,1,1,NA,NA,NA
"Ecuador","Bolivar","EC020250","Chillanes","parroquia",2016,1,NA,15,NA,NA,2,1,9,1,47,4,NA,NA,NA,NA,NA,NA,NA
"Ecuador","Bolivar","EC020250","Chillanes","parroquia",2019,NA,NA,8,NA,NA,NA,NA,NA,1,49,2,NA,NA,NA,NA,NA,NA,NA
"Ecuador","Bolivar","EC020250","Chillanes","parroquia",2020,NA,NA,1,NA,NA,1,NA,1,NA,52,1,NA,NA,NA,NA,NA,NA,NA
"Ecuador","Bolivar","EC020550","San Miguel","parroquia",2015,NA,NA,2,NA,1,2,10,2,NA,12,1,NA,NA,NA,1,2,NA,NA
"Ecuador","Bolivar","EC020550","San Miguel","parroquia",2016,1,NA,4,NA,NA,7,7,2,NA,27,1,NA,NA,NA,NA,NA,NA,NA
"Ecuador","Bolivar","EC020550","San Miguel","parroquia",2019,1,NA,11,NA,NA,3,NA,4,NA,57,1,NA,NA,NA,NA,NA,NA,NA
"Ecuador","Bolivar","EC020550","San Miguel","parroquia",2020,NA,1,4,NA,NA,4,4,2,NA,11,1,NA,NA,NA,NA,NA,NA,NA
"Ecuador","Carchi","EC040150","Tulcan","parroquia",2015,6,7,39,5,NA,13,12,11,7,312,4,NA,2,1,NA,NA,NA,NA
"Ecuador","Carchi","EC040150","Tulcan","parroquia",2016,4,1,46,4,NA,11,12,2,5,201,7,NA,NA,1,NA,NA,NA,NA
"Ecuador","Carchi","EC040350","El Angel","parroquia",2015,3,2,3,NA,NA,3,5,NA,1,19,2,NA,NA,NA,NA,NA,NA,NA
"Ecuador","Carchi","EC040350","El Angel","parroquia",2016,NA,NA,6,NA,NA,6,7,NA,1,23,6,NA,NA,NA,NA,NA,NA,NA
"Ecuador","Carchi","EC040350","El Angel","parroquia",2019,4,NA,13,1,NA,1,1,NA,1,49,NA,NA,NA,NA,NA,NA,NA,NA
"Ecuador","Carchi","EC040350","El Angel","parroquia",2020,NA,NA,5,NA,1,1,NA,NA,NA,15,NA,NA,NA,NA,NA,NA,NA,NA
"Ecuador","Carchi","EC040550","San Gabriel","parroquia",2015,NA,NA,11,NA,NA,NA,NA,2,2,48,1,NA,NA,NA,NA,NA,NA,NA
"Ecuador","Carchi","EC040550","San Gabriel","parroquia",2016,NA,NA,4,NA,NA,1,1,NA,NA,15,NA,NA,NA,NA,NA,NA,NA,NA
"Ecuador","Carchi","EC040550","San Gabriel","parroquia",2019,6,NA,6,NA,NA,4,2,1,NA,11,4,NA,NA,1,NA,NA,NA,NA
"Ecuador","Carchi","EC040550","San Gabriel","parroquia",2020,NA,NA,4,NA,NA,NA,NA,1,NA,12,1,NA,NA,NA,NA,NA,NA,NA
"Ecuador","Ca├▒ar","EC030150","Azogues","parroquia",2015,32,6,60,6,NA,16,15,23,7,558,28,NA,NA,1,NA,NA,NA,NA
"Ecuador","Ca├▒ar","EC030150","Azogues","parroquia",2016,60,7,77,3,2,18,23,36,7,776,37,NA,NA,NA,NA,NA,NA,NA
"Ecuador","Ca├▒ar","EC030150","Azogues","parroquia",2019,42,8,97,4,1,4,34,17,5,87,9,NA,NA,1,NA,NA,NA,NA
"Ecuador","Ca├▒ar","EC030150","Azogues","parroquia",2020,6,4,23,2,NA,2,17,1,4,49,1,NA,NA,NA,NA,NA,NA,NA
"Ecuador","Ca├▒ar","EC030350","Ca├▒ar","parroquia",2015,13,1,24,NA,NA,1,NA,13,NA,197,NA,NA,NA,NA,NA,NA,NA,NA
"Ecuador","Ca├▒ar","EC030350","Ca├▒ar","parroquia",2016,14,1,18,NA,1,2,2,9,1,201,1,NA,NA,NA,NA,NA,NA,NA
"Ecuador","Ca├▒ar","EC030350","Ca├▒ar","parroquia",2019,20,NA,39,NA,NA,3,3,12,NA,238,NA,NA,NA,NA,NA,NA,NA,NA
"Ecuador","Ca├▒ar","EC030350","Ca├▒ar","parroquia",2020,5,3,34,NA,NA,1,2,6,1,119,NA,NA,NA,NA,NA,NA,NA,NA
"Ecuador","Ca├▒ar","EC030450","La Troncal","parroquia",2015,NA,1,NA,NA,1,1,2,8,NA,93,1,NA,NA,NA,NA,NA,NA,NA
"Ecuador","Ca├▒ar","EC030450","La Troncal","parroquia",2016,NA,NA,NA,NA,NA,2,2,8,1,127,2,NA,NA,NA,1,NA,NA,NA
"Ecuador","Ca├▒ar","EC030450","La Troncal","parroquia",2019,NA,1,2,1,1,NA,2,NA,1,149,1,NA,NA,NA,NA,NA,NA,NA
"Ecuador","Ca├▒ar","EC030450","La Troncal","parroquia",2020,NA,NA,NA,1,NA,NA,NA,NA,NA,76,NA,NA,1,NA,NA,NA,NA,NA
"Ecuador","Chimborazo","EC060150","Riobamba","parroquia",2016,141,5,145,7,2,32,39,61,28,961,13,NA,NA,NA,NA,NA,NA,NA
"Ecuador","Chimborazo","EC060150","Riobamba","parroquia",2019,NA,1,1,NA,NA,NA,NA,1,1,11,2,NA,NA,NA,NA,NA,NA,NA
"Ecuador","Chimborazo","EC060150","Riobamba","parroquia",2020,NA,NA,1,NA,NA,NA,NA,NA,NA,6,NA,NA,NA,NA,NA,NA,NA,NA
"Ecuador","Chimborazo","EC060151","Cacha (Cab. en Machangara)","parroquia",2016,15,18,87,6,23,5,28,8,47,290,59,NA,NA,2,NA,NA,NA,NA
"Ecuador","Chimborazo","EC060155","Lican","parroquia",2015,NA,NA,24,2,1,1,4,NA,NA,24,NA,NA,NA,NA,NA,NA,NA,NA
"Ecuador","Chimborazo","EC060250","Alausi","parroquia",2015,NA,NA,1,NA,NA,NA,1,1,NA,111,4,NA,NA,NA,NA,NA,NA,NA
"Ecuador","Chimborazo","EC060250","Alausi","parroquia",2016,NA,NA,2,NA,NA,5,5,3,1,182,6,NA,NA,NA,NA,NA,NA,NA
"Ecuador","Chimborazo","EC060250","Alausi","parroquia",2019,1,3,25,NA,NA,2,1,1,4,58,5,NA,NA,NA,NA,NA,NA,NA
"Ecuador","Chimborazo","EC060250","Alausi","parroquia",2020,NA,NA,11,NA,NA,NA,NA,NA,1,39,2,NA,NA,NA,NA,NA,NA,NA
"Ecuador","Chimborazo","EC060350","Villa La Union (Cajabamba)","parroquia",2015,NA,NA,5,NA,NA,3,NA,2,2,66,3,NA,NA,NA,NA,NA,NA,NA
"Ecuador","Chimborazo","EC060350","Villa La Union (Cajabamba)","parroquia",2016,NA,NA,3,NA,NA,NA,NA,NA,NA,128,3,NA,NA,NA,NA,NA,NA,NA
"Ecuador","Chimborazo","EC060350","Villa La Union (Cajabamba)","parroquia",2019,1,NA,9,NA,NA,2,1,NA,NA,61,NA,NA,NA,1,NA,NA,NA,NA
"Ecuador","Chimborazo","EC060350","Villa La Union (Cajabamba)","parroquia",2020,2,NA,NA,NA,NA,NA,NA,NA,NA,9,NA,NA,NA,NA,NA,NA,NA,NA
"Ecuador","Chimborazo","EC060550","Chunchi","parroquia",2015,1,NA,6,NA,NA,2,NA,5,NA,50,1,NA,NA,NA,NA,NA,NA,NA
"Ecuador","Chimborazo","EC060550","Chunchi","parroquia",2016,NA,NA,11,NA,NA,7,6,2,4,78,11,NA,NA,NA,NA,NA,NA,NA
"Ecuador","Chimborazo","EC060550","Chunchi","parroquia",2019,2,NA,16,NA,3,NA,1,3,2,36,1,NA,NA,NA,NA,NA,NA,NA
"Ecuador","Chimborazo","EC060550","Chunchi","parroquia",2020,2,NA,5,NA,1,NA,1,1,1,18,1,NA,NA,NA,NA,NA,NA,NA
"Ecuador","Chimborazo","EC060650","Guamote","parroquia",2015,NA,NA,2,NA,NA,1,NA,NA,1,40,1,NA,NA,NA,NA,NA,NA,NA
"Ecuador","Chimborazo","EC060650","Guamote","parroquia",2016,NA,NA,3,NA,NA,NA,NA,1,NA,99,NA,NA,NA,NA,NA,NA,NA,NA
"Ecuador","Chimborazo","EC060650","Guamote","parroquia",2019,NA,NA,5,NA,NA,1,NA,NA,NA,55,1,NA,NA,NA,NA,NA,NA,NA
"Ecuador","Chimborazo","EC060650","Guamote","parroquia",2020,1,NA,NA,NA,NA,NA,NA,NA,NA,14,NA,NA,NA,NA,NA,NA,NA,NA
"Ecuador","Cotopaxi","EC050150","Latacunga","parroquia",2015,NA,NA,NA,NA,NA,NA,NA,NA,NA,6,NA,NA,NA,NA,NA,NA,NA,NA
"Ecuador","Cotopaxi","EC050150","Latacunga","parroquia",2016,15,7,158,5,1,10,35,20,22,392,39,1,NA,NA,NA,NA,NA,NA
"Ecuador","Cotopaxi","EC050151","Alaques (Alaquez)","parroquia",2015,NA,NA,1,1,NA,1,1,NA,NA,1,1,NA,NA,NA,NA,NA,NA,NA
"Ecuador","Cotopaxi","EC050250","La Mana","parroquia",2015,NA,NA,NA,NA,2,NA,NA,2,NA,28,3,NA,NA,NA,NA,NA,NA,NA
"Ecuador","Cotopaxi","EC050250","La Mana","parroquia",2016,NA,1,NA,NA,1,1,NA,3,NA,18,3,NA,NA,1,NA,NA,NA,NA
"Ecuador","Cotopaxi","EC050350","El Corazon","parroquia",2015,1,NA,14,NA,NA,NA,NA,6,NA,68,NA,NA,NA,NA,NA,NA,NA,NA
"Ecuador","Cotopaxi","EC050350","El Corazon","parroquia",2016,NA,NA,9,NA,NA,NA,NA,2,NA,64,1,NA,NA,NA,NA,NA,NA,NA
"Ecuador","Cotopaxi","EC050350","El Corazon","parroquia",2019,1,NA,17,NA,NA,3,2,NA,NA,11,NA,NA,NA,NA,NA,NA,NA,NA
"Ecuador","Cotopaxi","EC050350","El Corazon","parroquia",2020,NA,NA,2,NA,NA,NA,NA,1,NA,11,NA,NA,NA,NA,NA,NA,NA,NA
"Ecuador","Cotopaxi","EC050450","Pujili","parroquia",2015,NA,NA,6,NA,NA,8,13,5,10,137,11,NA,NA,NA,NA,NA,NA,NA
"Ecuador","Cotopaxi","EC050450","Pujili","parroquia",2016,NA,NA,5,NA,NA,7,10,NA,4,127,NA,NA,NA,NA,NA,NA,NA,NA
"Ecuador","Cotopaxi","EC050450","Pujili","parroquia",2019,20,NA,16,NA,NA,NA,NA,2,1,40,1,NA,NA,NA,NA,NA,NA,NA
"Ecuador","Cotopaxi","EC050450","Pujili","parroquia",2020,NA,NA,4,NA,NA,NA,NA,NA,2,44,NA,NA,NA,NA,NA,NA,NA,NA
"Ecuador","Cotopaxi","EC050458","Zumbahua","parroquia",2015,5,NA,7,NA,NA,7,9,1,12,128,18,NA,NA,1,NA,NA,NA,NA
"Ecuador","Cotopaxi","EC050458","Zumbahua","parroquia",2016,11,2,11,1,2,8,9,5,1,67,8,NA,NA,NA,NA,NA,NA,NA
"Ecuador","Cotopaxi","EC050458","Zumbahua","parroquia",2019,1,NA,4,NA,NA,NA,2,NA,NA,17,3,NA,NA,NA,NA,NA,NA,NA
"Ecuador","Cotopaxi","EC050458","Zumbahua","parroquia",2020,1,1,NA,NA,NA,NA,NA,NA,1,3,1,NA,NA,NA,NA,NA,NA,NA
"Ecuador","Cotopaxi","EC050550","San Miguel","parroquia",2015,NA,NA,18,NA,NA,1,NA,1,1,62,6,NA,NA,1,NA,NA,NA,NA
"Ecuador","Cotopaxi","EC050550","San Miguel","parroquia",2016,NA,NA,14,1,NA,NA,NA,NA,NA,90,2,NA,NA,NA,NA,NA,NA,NA
"Ecuador","Cotopaxi","EC050550","San Miguel","parroquia",2019,NA,1,31,1,NA,1,1,3,NA,67,NA,NA,NA,NA,NA,NA,NA,NA
"Ecuador","Cotopaxi","EC050550","San Miguel","parroquia",2020,NA,NA,16,1,NA,2,1,2,NA,32,NA,NA,NA,NA,NA,NA,NA,NA
"Ecuador","Cotopaxi","EC050750","Sigchos","parroquia",2019,NA,NA,26,NA,1,NA,NA,NA,NA,7,NA,NA,NA,NA,NA,NA,NA,NA
"Ecuador","Cotopaxi","EC050750","Sigchos","parroquia",2020,NA,NA,11,NA,NA,NA,NA,NA,NA,3,NA,NA,NA,NA,NA,NA,NA,NA
"Ecuador","El Oro","EC070150","Machala","parroquia",2015,35,54,30,49,14,73,68,151,16,1075,32,NA,1,1,NA,NA,8,NA
"Ecuador","El Oro","EC070150","Machala","parroquia",2016,34,62,44,59,5,93,89,167,41,1434,74,NA,NA,NA,NA,NA,7,NA
"Ecuador","El Oro","EC070250","Arenillas","parroquia",2015,1,NA,3,NA,1,3,3,7,1,48,2,NA,NA,NA,NA,NA,NA,NA
"Ecuador","El Oro","EC070250","Arenillas","parroquia",2016,2,NA,2,NA,1,3,2,6,2,61,1,1,NA,NA,NA,NA,NA,NA
"Ecuador","El Oro","EC070250","Arenillas","parroquia",2019,NA,NA,1,NA,NA,2,NA,1,2,67,1,NA,NA,NA,NA,NA,NA,NA
"Ecuador","El Oro","EC070250","Arenillas","parroquia",2020,NA,2,1,1,NA,NA,NA,NA,NA,31,1,NA,NA,NA,NA,NA,NA,NA
"Ecuador","El Oro","EC070650","El Guabo","parroquia",2015,NA,2,6,2,NA,9,4,12,3,134,4,NA,NA,NA,NA,NA,NA,NA
"Ecuador","El Oro","EC070650","El Guabo","parroquia",2016,1,1,7,6,NA,3,2,6,NA,152,2,NA,1,NA,NA,NA,NA,NA
"Ecuador","El Oro","EC070650","El Guabo","parroquia",2019,5,NA,1,2,NA,1,NA,2,6,86,2,NA,1,1,NA,NA,NA,NA
"Ecuador","El Oro","EC070650","El Guabo","parroquia",2020,2,6,1,2,NA,2,1,3,3,31,3,NA,NA,1,NA,NA,NA,NA
"Ecuador","El Oro","EC070750","Huaquillas","parroquia",2015,3,1,5,1,1,1,1,3,NA,149,1,NA,NA,NA,NA,NA,NA,NA
"Ecuador","El Oro","EC070750","Huaquillas","parroquia",2016,5,1,1,NA,NA,NA,1,9,3,149,7,NA,NA,NA,NA,NA,NA,NA
"Ecuador","El Oro","EC070750","Huaquillas","parroquia",2019,3,4,1,2,NA,2,1,5,2,173,4,NA,NA,NA,3,2,NA,NA
"Ecuador","El Oro","EC070750","Huaquillas","parroquia",2020,1,NA,NA,NA,NA,NA,NA,NA,NA,57,NA,NA,NA,9,1,NA,NA,NA
"Ecuador","El Oro","EC070950","Pasaje","parroquia",2015,NA,6,28,2,1,5,5,18,1,308,7,NA,NA,NA,NA,NA,1,NA
"Ecuador","El Oro","EC070950","Pasaje","parroquia",2016,1,7,30,3,1,6,7,23,2,377,6,NA,NA,NA,NA,NA,1,NA
"Ecuador","El Oro","EC070950","Pasaje","parroquia",2019,2,4,4,5,NA,3,3,4,1,162,2,NA,NA,NA,NA,NA,NA,NA
"Ecuador","El Oro","EC070950","Pasaje","parroquia",2020,1,2,8,7,NA,1,NA,1,NA,49,2,NA,NA,NA,NA,NA,NA,NA
"Ecuador","El Oro","EC071050","Pi├▒as","parroquia",2015,6,6,4,NA,5,8,4,5,3,88,10,1,NA,NA,NA,NA,NA,NA
"Ecuador","El Oro","EC071050","Pi├▒as","parroquia",2016,7,1,3,NA,3,9,6,5,1,130,3,NA,NA,NA,NA,NA,NA,NA
"Ecuador","El Oro","EC071050","Pi├▒as","parroquia",2019,6,1,5,1,1,1,NA,5,NA,75,3,NA,NA,1,NA,NA,NA,NA
"Ecuador","El Oro","EC071050","Pi├▒as","parroquia",2020,NA,1,NA,3,NA,NA,NA,NA,NA,26,NA,NA,NA,NA,NA,NA,NA,NA
"Ecuador","El Oro","EC071250","Santa Rosa","parroquia",2015,1,1,6,1,NA,2,2,7,2,69,2,NA,NA,NA,NA,NA,NA,NA
"Ecuador","El Oro","EC071250","Santa Rosa","parroquia",2016,2,4,2,NA,NA,1,2,14,1,91,3,NA,2,NA,NA,NA,NA,NA
"Ecuador","El Oro","EC071250","Santa Rosa","parroquia",2019,24,8,10,3,1,1,1,14,3,46,1,NA,NA,NA,NA,NA,NA,NA
"Ecuador","El Oro","EC071250","Santa Rosa","parroquia",2020,13,3,3,7,1,NA,1,1,NA,23,NA,NA,2,NA,NA,NA,NA,NA
"Ecuador","El Oro","EC071350","Zaruma","parroquia",2015,1,NA,10,NA,NA,2,2,1,NA,77,1,NA,NA,NA,1,NA,NA,NA
"Ecuador","El Oro","EC071350","Zaruma","parroquia",2016,1,NA,27,1,NA,5,1,3,2,57,6,NA,NA,NA,NA,NA,NA,NA
"Ecuador","El Oro","EC071350","Zaruma","parroquia",2019,NA,3,9,NA,NA,1,2,1,NA,24,2,NA,NA,NA,NA,NA,NA,NA
"Ecuador","El Oro","EC071350","Zaruma","parroquia",2020,1,2,3,2,NA,NA,NA,1,NA,7,NA,NA,NA,NA,NA,NA,NA,NA
"Ecuador","Esmeraldas","EC080150","Esmeraldas","parroquia",2015,15,17,21,31,2,16,15,20,2,201,6,NA,1,NA,NA,NA,NA,NA
"Ecuador","Esmeraldas","EC080150","Esmeraldas","parroquia",2016,11,45,34,52,NA,2,9,19,4,182,10,NA,NA,1,NA,NA,NA,NA
"Ecuador","Esmeraldas","EC080250","Valdez (Limones)","parroquia",2015,3,NA,NA,2,NA,NA,1,NA,NA,5,NA,NA,NA,NA,NA,NA,NA,NA
"Ecuador","Esmeraldas","EC080250","Valdez (Limones)","parroquia",2016,2,1,1,2,NA,1,7,10,NA,18,1,NA,NA,1,NA,NA,NA,NA
"Ecuador","Esmeraldas","EC080250","Valdez (Limones)","parroquia",2019,10,2,10,NA,2,1,20,17,1,37,NA,NA,NA,7,NA,NA,NA,NA
"Ecuador","Esmeraldas","EC080250","Valdez (Limones)","parroquia",2020,1,NA,3,NA,NA,2,4,12,1,32,4,NA,NA,NA,NA,NA,NA,NA
"Ecuador","Esmeraldas","EC080253","Borbon","parroquia",2015,1,1,4,NA,NA,1,1,2,NA,5,2,NA,NA,NA,NA,NA,NA,NA
"Ecuador","Esmeraldas","EC080253","Borbon","parroquia",2016,1,2,10,NA,NA,2,2,1,NA,3,1,NA,NA,NA,1,2,NA,NA
"Ecuador","Esmeraldas","EC080253","Borbon","parroquia",2019,4,NA,2,NA,NA,1,3,2,NA,31,3,NA,NA,2,NA,NA,NA,NA
"Ecuador","Esmeraldas","EC080253","Borbon","parroquia",2020,1,NA,3,NA,NA,NA,NA,2,NA,7,NA,NA,NA,8,NA,NA,NA,NA
"Ecuador","Esmeraldas","EC080350","Muisne","parroquia",2015,NA,NA,NA,NA,NA,1,1,2,NA,34,2,NA,NA,NA,NA,NA,NA,NA
"Ecuador","Esmeraldas","EC080350","Muisne","parroquia",2016,NA,NA,NA,NA,1,NA,NA,1,NA,30,1,NA,NA,NA,NA,NA,NA,NA
"Ecuador","Esmeraldas","EC080350","Muisne","parroquia",2019,5,NA,2,NA,NA,4,1,3,NA,53,NA,NA,NA,NA,NA,NA,NA,NA
"Ecuador","Esmeraldas","EC080350","Muisne","parroquia",2020,5,NA,1,NA,NA,NA,NA,2,NA,34,NA,NA,NA,NA,NA,NA,NA,NA
"Ecuador","Esmeraldas","EC080450","Rosa Zarate (Quininde)","parroquia",2015,1,1,5,NA,NA,2,3,1,NA,88,2,NA,NA,NA,NA,NA,NA,NA
"Ecuador","Esmeraldas","EC080450","Rosa Zarate (Quininde)","parroquia",2016,1,NA,6,NA,1,3,3,6,1,67,2,NA,NA,NA,NA,NA,NA,NA
"Ecuador","Esmeraldas","EC080450","Rosa Zarate (Quininde)","parroquia",2019,NA,NA,1,NA,NA,NA,NA,1,3,111,2,NA,NA,NA,NA,NA,NA,NA
"Ecuador","Esmeraldas","EC080450","Rosa Zarate (Quininde)","parroquia",2020,1,NA,NA,1,NA,NA,NA,NA,1,44,NA,NA,NA,NA,NA,NA,NA,NA
"Ecuador","Esmeraldas","EC080550","San Lorenzo","parroquia",2015,8,1,4,NA,NA,2,2,3,NA,111,NA,NA,NA,78,NA,NA,NA,NA
"Ecuador","Esmeraldas","EC080550","San Lorenzo","parroquia",2016,9,NA,5,4,NA,NA,1,5,NA,67,NA,NA,NA,92,NA,NA,8,NA
"Ecuador","Esmeraldas","EC080550","San Lorenzo","parroquia",2019,2,3,13,NA,NA,NA,3,6,4,66,3,NA,NA,89,1,NA,NA,NA
"Ecuador","Esmeraldas","EC080550","San Lorenzo","parroquia",2020,1,2,4,NA,NA,1,3,4,2,17,1,NA,NA,20,NA,NA,NA,NA
"Ecuador","Esmeraldas","EC080650","Atacames","parroquia",2015,NA,NA,15,NA,1,2,NA,8,NA,110,NA,NA,NA,NA,NA,NA,NA,NA
"Ecuador","Esmeraldas","EC080650","Atacames","parroquia",2016,4,NA,10,2,NA,2,NA,15,NA,80,NA,NA,NA,NA,NA,NA,NA,NA
"Ecuador","Esmeraldas","EC080650","Atacames","parroquia",2019,2,NA,14,NA,NA,3,2,7,NA,99,4,NA,NA,2,NA,NA,NA,NA
"Ecuador","Esmeraldas","EC080650","Atacames","parroquia",2020,3,NA,2,NA,NA,NA,NA,3,1,41,1,NA,NA,1,NA,NA,NA,NA
"Ecuador","Galapagos","EC200150","Puerto Baquerizo Moreno","parroquia",2015,2,NA,5,1,2,NA,1,1,1,7,4,NA,NA,NA,NA,NA,NA,NA
"Ecuador","Galapagos","EC200150","Puerto Baquerizo Moreno","parroquia",2016,1,1,8,3,1,1,1,NA,2,NA,NA,NA,1,NA,NA,NA,NA,NA
"Ecuador","Galapagos","EC200150","Puerto Baquerizo Moreno","parroquia",2019,2,NA,3,1,NA,1,3,4,2,10,2,NA,NA,NA,NA,NA,NA,NA
"Ecuador","Galapagos","EC200150","Puerto Baquerizo Moreno","parroquia",2020,6,NA,2,NA,NA,NA,NA,NA,NA,3,NA,NA,NA,NA,NA,NA,NA,NA
"Ecuador","Galapagos","EC200350","Puerto Ayora","parroquia",2015,NA,1,2,NA,1,5,4,7,NA,17,1,NA,NA,NA,NA,NA,NA,NA
"Ecuador","Galapagos","EC200350","Puerto Ayora","parroquia",2016,1,NA,1,1,4,17,17,3,1,16,1,NA,NA,NA,NA,NA,NA,NA
"Ecuador","Galapagos","EC200350","Puerto Ayora","parroquia",2019,2,3,6,NA,7,12,10,3,NA,21,1,NA,NA,NA,NA,NA,NA,NA
"Ecuador","Galapagos","EC200350","Puerto Ayora","parroquia",2020,3,1,NA,NA,1,1,1,NA,1,10,3,NA,NA,NA,NA,NA,NA,NA
"Ecuador","Guayas","EC090150","Guayaquil","parroquia",2015,133,652,192,503,108,322,561,252,73,2468,219,4,23,NA,1,NA,2,4
"Ecuador","Guayas","EC090150","Guayaquil","parroquia",2016,163,627,163,445,112,303,638,199,84,2531,219,3,17,3,2,NA,1,2
"Ecuador","Guayas","EC090158","Tenguel","parroquia",2015,NA,NA,1,NA,NA,NA,2,2,NA,9,1,NA,NA,NA,NA,NA,NA,NA
"Ecuador","Guayas","EC090158","Tenguel","parroquia",2016,1,NA,NA,NA,NA,1,1,NA,NA,2,2,NA,NA,NA,NA,NA,NA,NA
"Ecuador","Guayas","EC090158","Tenguel","parroquia",2019,NA,NA,NA,NA,NA,NA,NA,1,2,8,NA,NA,NA,NA,NA,NA,NA,NA
"Ecuador","Guayas","EC090158","Tenguel","parroquia",2020,NA,NA,NA,NA,NA,NA,NA,NA,NA,1,NA,NA,NA,NA,NA,NA,NA,NA
"Ecuador","Guayas","EC090450","Balzar","parroquia",2015,3,NA,NA,NA,NA,2,2,5,NA,64,3,NA,NA,NA,NA,NA,NA,NA
"Ecuador","Guayas","EC090450","Balzar","parroquia",2016,1,2,5,1,NA,NA,NA,4,NA,64,NA,NA,NA,NA,NA,NA,NA,NA
"Ecuador","Guayas","EC090450","Balzar","parroquia",2019,6,1,11,2,1,4,1,1,NA,73,3,NA,NA,NA,NA,NA,NA,NA
"Ecuador","Guayas","EC090450","Balzar","parroquia",2020,1,NA,3,1,NA,NA,NA,1,1,28,3,1,NA,NA,NA,NA,NA,NA
"Ecuador","Guayas","EC090650","Daule","parroquia",2015,NA,5,NA,NA,NA,1,1,1,NA,78,6,NA,NA,NA,NA,NA,NA,NA
"Ecuador","Guayas","EC090650","Daule","parroquia",2016,NA,4,NA,4,1,1,2,1,NA,70,3,NA,NA,NA,NA,NA,NA,NA
"Ecuador","Guayas","EC090650","Daule","parroquia",2019,NA,NA,NA,NA,NA,NA,NA,NA,NA,NA,1,NA,NA,NA,NA,NA,NA,NA
"Ecuador","Guayas","EC090750","Eloy Alfaro (Duran)","parroquia",2015,NA,1,4,3,NA,3,3,1,NA,11,1,NA,NA,NA,NA,NA,NA,NA
"Ecuador","Guayas","EC090750","Eloy Alfaro (Duran)","parroquia",2016,NA,5,5,6,2,3,5,3,1,19,7,NA,NA,NA,NA,NA,NA,NA
"Ecuador","Guayas","EC090850","Velasco Ibarra (Cab. El Empalme)","parroquia",2015,NA,1,1,1,NA,1,2,5,NA,77,8,NA,NA,NA,NA,NA,NA,NA
"Ecuador","Guayas","EC090850","Velasco Ibarra (Cab. El Empalme)","parroquia",2016,4,3,2,NA,1,8,9,6,1,62,4,NA,NA,2,NA,NA,NA,NA
"Ecuador","Guayas","EC090850","Velasco Ibarra (Cab. El Empalme)","parroquia",2019,1,3,4,NA,NA,35,35,3,2,26,3,NA,NA,NA,NA,NA,NA,NA
"Ecuador","Guayas","EC090850","Velasco Ibarra (Cab. El Empalme)","parroquia",2020,NA,3,4,4,1,11,11,NA,5,17,NA,NA,3,NA,NA,NA,NA,NA
"Ecuador","Guayas","EC090950","El Triunfo","parroquia",2015,NA,NA,NA,1,NA,NA,NA,NA,1,41,2,NA,NA,NA,NA,NA,NA,NA
"Ecuador","Guayas","EC090950","El Triunfo","parroquia",2016,NA,NA,NA,NA,1,1,1,3,NA,28,1,NA,NA,NA,NA,NA,NA,NA
"Ecuador","Guayas","EC090950","El Triunfo","parroquia",2019,NA,NA,2,NA,NA,3,3,NA,NA,20,NA,NA,NA,NA,NA,NA,NA,NA
"Ecuador","Guayas","EC090950","El Triunfo","parroquia",2020,NA,NA,NA,NA,1,NA,NA,1,1,38,1,NA,NA,NA,NA,NA,NA,NA
"Ecuador","Guayas","EC091050","Milagro","parroquia",2015,25,21,73,34,4,18,21,39,3,412,20,2,NA,1,NA,NA,NA,NA
"Ecuador","Guayas","EC091050","Milagro","parroquia",2016,49,20,52,76,10,33,66,41,14,361,67,2,NA,NA,NA,NA,NA,NA
"Ecuador","Guayas","EC091050","Milagro","parroquia",2019,54,2,77,61,3,11,22,27,5,161,26,NA,NA,NA,NA,NA,NA,NA
"Ecuador","Guayas","EC091050","Milagro","parroquia",2020,13,16,33,41,3,5,9,8,5,99,10,NA,NA,NA,NA,NA,NA,NA
"Ecuador","Guayas","EC091150","Naranjal","parroquia",2015,NA,NA,NA,NA,NA,NA,NA,6,1,51,NA,NA,NA,NA,NA,NA,NA,NA
"Ecuador","Guayas","EC091150","Naranjal","parroquia",2016,4,1,1,1,NA,NA,2,1,2,71,3,NA,NA,NA,NA,NA,NA,NA
"Ecuador","Guayas","EC091150","Naranjal","parroquia",2019,NA,1,NA,1,NA,3,2,NA,1,48,NA,NA,NA,2,NA,NA,NA,NA
"Ecuador","Guayas","EC091150","Naranjal","parroquia",2020,1,2,1,NA,NA,NA,NA,3,3,23,NA,NA,NA,1,NA,NA,NA,NA
"Ecuador","Guayas","EC091250","Naranjito","parroquia",2015,NA,NA,3,NA,NA,2,2,4,2,25,7,NA,NA,NA,NA,NA,NA,NA
"Ecuador","Guayas","EC091250","Naranjito","parroquia",2016,1,1,1,NA,NA,5,9,NA,6,26,5,NA,NA,NA,NA,NA,NA,NA
"Ecuador","Guayas","EC091250","Naranjito","parroquia",2019,NA,2,1,NA,NA,NA,NA,3,2,25,8,NA,NA,NA,NA,NA,NA,NA
"Ecuador","Guayas","EC091250","Naranjito","parroquia",2020,NA,NA,1,1,NA,1,1,1,NA,45,NA,NA,NA,NA,NA,NA,NA,NA
"Ecuador","Guayas","EC091450","Pedro Carbo","parroquia",2015,NA,NA,NA,NA,NA,NA,NA,NA,NA,1,3,NA,NA,NA,NA,NA,NA,NA
"Ecuador","Guayas","EC091650","Samborondon","parroquia",2015,NA,7,2,NA,1,NA,2,1,6,16,2,NA,NA,NA,NA,NA,NA,NA
"Ecuador","Guayas","EC091650","Samborondon","parroquia",2016,NA,3,1,1,5,2,10,1,2,20,3,NA,NA,NA,NA,NA,NA,NA
"Ecuador","Guayas","EC091650","Samborondon","parroquia",2019,NA,NA,NA,NA,NA,NA,NA,1,NA,1,NA,NA,NA,NA,NA,NA,NA,NA
"Ecuador","Guayas","EC091650","Samborondon","parroquia",2020,NA,NA,NA,NA,NA,NA,NA,NA,NA,3,NA,NA,NA,NA,NA,NA,NA,NA
"Ecuador","Guayas","EC091850","Santa Lucia","parroquia",2015,NA,NA,NA,NA,NA,40,40,NA,NA,1,7,NA,NA,NA,NA,NA,NA,NA
"Ecuador","Guayas","EC091850","Santa Lucia","parroquia",2016,NA,NA,NA,NA,NA,62,62,NA,NA,NA,NA,NA,NA,NA,NA,NA,NA,NA
"Ecuador","Guayas","EC091950","El Salitre (Las Ramas)","parroquia",2015,NA,3,2,NA,NA,1,1,4,NA,94,1,NA,NA,1,NA,NA,NA,NA
"Ecuador","Guayas","EC091950","El Salitre (Las Ramas)","parroquia",2016,1,3,2,NA,NA,NA,NA,3,NA,157,NA,NA,NA,NA,NA,NA,NA,NA
"Ecuador","Guayas","EC091950","El Salitre (Las Ramas)","parroquia",2019,NA,1,8,NA,NA,4,3,8,NA,103,2,NA,NA,NA,NA,NA,NA,NA
"Ecuador","Guayas","EC091950","El Salitre (Las Ramas)","parroquia",2020,NA,1,2,NA,NA,NA,NA,8,NA,59,2,NA,NA,NA,NA,NA,NA,NA
"Ecuador","Guayas","EC092050","San Jacinto de Yaguachi","parroquia",2015,1,4,NA,1,1,2,1,1,NA,34,2,NA,NA,NA,NA,NA,NA,NA
"Ecuador","Guayas","EC092050","San Jacinto de Yaguachi","parroquia",2016,1,2,NA,NA,NA,NA,NA,NA,1,29,NA,NA,NA,NA,NA,NA,NA,NA
"Ecuador","Guayas","EC092050","San Jacinto de Yaguachi","parroquia",2019,4,1,NA,NA,NA,3,3,2,1,32,3,NA,NA,NA,NA,NA,NA,NA
"Ecuador","Guayas","EC092050","San Jacinto de Yaguachi","parroquia",2020,NA,NA,1,NA,NA,NA,NA,2,NA,14,2,NA,NA,NA,NA,NA,NA,NA
"Ecuador","Guayas","EC092056","Virgen de Fatima","parroquia",2015,NA,NA,NA,NA,NA,4,4,5,2,9,6,NA,NA,NA,NA,NA,NA,NA
"Ecuador","Guayas","EC092056","Virgen de Fatima","parroquia",2016,NA,NA,NA,NA,NA,7,7,7,6,12,2,NA,NA,NA,NA,NA,NA,NA
"Ecuador","Guayas","EC092056","Virgen de Fatima","parroquia",2019,1,NA,NA,NA,NA,8,9,5,2,19,4,NA,NA,NA,NA,NA,NA,NA
"Ecuador","Guayas","EC092056","Virgen de Fatima","parroquia",2020,NA,NA,2,NA,NA,NA,1,5,3,15,NA,NA,NA,NA,NA,NA,NA,NA
"Ecuador","Guayas","EC092150","General Villamil (Playas)","parroquia",2015,NA,4,NA,1,NA,2,1,6,NA,84,2,NA,NA,1,NA,NA,NA,NA
"Ecuador","Guayas","EC092150","General Villamil (Playas)","parroquia",2016,NA,7,2,NA,NA,1,2,8,2,91,2,NA,NA,NA,NA,NA,NA,NA
"Ecuador","Guayas","EC092150","General Villamil (Playas)","parroquia",2019,3,1,NA,NA,NA,1,NA,2,1,73,1,NA,1,NA,NA,NA,NA,NA
"Ecuador","Guayas","EC092150","General Villamil (Playas)","parroquia",2020,NA,NA,NA,NA,NA,NA,NA,NA,NA,36,NA,NA,NA,NA,NA,NA,NA,NA
"Ecuador","Guayas","EC092350","Coronel Marcelino Maridue├▒a (San Carlos)","parroquia",2015,NA,NA,NA,NA,NA,NA,NA,NA,1,NA,NA,NA,NA,NA,NA,NA,NA,NA
"Ecuador","Guayas","EC092350","Coronel Marcelino Maridue├▒a (San Carlos)","parroquia",2016,NA,NA,NA,NA,NA,1,1,NA,NA,NA,NA,NA,NA,NA,NA,NA,NA,NA
"Ecuador","Guayas","EC092350","Coronel Marcelino Maridue├▒a (San Carlos)","parroquia",2019,3,NA,NA,NA,NA,NA,NA,1,2,2,NA,NA,NA,NA,NA,NA,NA,NA
"Ecuador","Guayas","EC092350","Coronel Marcelino Maridue├▒a (San Carlos)","parroquia",2020,NA,NA,NA,NA,NA,2,3,NA,1,NA,1,NA,NA,1,NA,NA,NA,NA
"Ecuador","Guayas","EC092450","Lomas de Sargentillo","parroquia",2016,NA,NA,NA,NA,NA,NA,NA,NA,NA,NA,1,NA,NA,NA,NA,NA,NA,NA
"Ecuador","Guayas","EC092450","Lomas de Sargentillo","parroquia",2019,NA,NA,NA,NA,NA,NA,NA,NA,NA,NA,1,NA,NA,NA,NA,NA,NA,NA
"Ecuador","Guayas","EC092450","Lomas de Sargentillo","parroquia",2020,NA,NA,NA,NA,NA,NA,NA,NA,1,NA,NA,NA,NA,NA,NA,NA,NA,NA
"Ecuador","Guayas","EC092850","Isidro Ayora","parroquia",2015,NA,NA,NA,NA,NA,NA,NA,NA,NA,2,1,NA,NA,NA,NA,NA,NA,NA
"Ecuador","Guayas","EC092850","Isidro Ayora","parroquia",2016,NA,NA,NA,NA,NA,NA,NA,1,NA,NA,6,NA,NA,NA,NA,NA,NA,NA
"Ecuador","Guayas","EC092850","Isidro Ayora","parroquia",2019,NA,NA,NA,NA,NA,NA,NA,NA,NA,NA,1,NA,NA,NA,NA,NA,NA,NA
"Ecuador","Imbabura","EC100150","San Miguel de Ibarra","parroquia",2015,42,15,112,58,2,15,86,61,5,642,16,NA,NA,1,2,2,NA,NA
"Ecuador","Imbabura","EC100150","San Miguel de Ibarra","parroquia",2016,43,9,79,73,1,15,119,78,9,670,13,NA,NA,2,NA,NA,NA,NA
"Ecuador","Imbabura","EC100150","San Miguel de Ibarra","parroquia",2019,56,8,33,41,NA,4,25,45,6,257,14,NA,NA,NA,NA,NA,NA,NA
"Ecuador","Imbabura","EC100150","San Miguel de Ibarra","parroquia",2020,23,9,22,41,4,1,13,15,4,160,3,NA,NA,NA,NA,NA,NA,NA
"Ecuador","Imbabura","EC100250","Atuntaqui","parroquia",2015,NA,1,8,NA,1,1,2,2,1,48,NA,NA,NA,NA,NA,NA,NA,NA
"Ecuador","Imbabura","EC100250","Atuntaqui","parroquia",2016,NA,1,7,1,1,NA,2,5,1,70,NA,NA,NA,NA,NA,NA,NA,NA
"Ecuador","Imbabura","EC100250","Atuntaqui","parroquia",2019,NA,NA,6,NA,NA,1,NA,1,1,40,NA,NA,NA,NA,NA,NA,NA,NA
"Ecuador","Imbabura","EC100250","Atuntaqui","parroquia",2020,NA,NA,3,NA,NA,NA,NA,1,NA,18,2,NA,NA,NA,NA,NA,NA,NA
"Ecuador","Imbabura","EC100350","Cotacachi","parroquia",2015,13,NA,5,1,NA,2,1,6,NA,75,6,NA,1,NA,NA,NA,NA,NA
"Ecuador","Imbabura","EC100350","Cotacachi","parroquia",2016,13,NA,4,NA,NA,2,NA,5,1,50,1,NA,NA,NA,NA,NA,NA,NA
"Ecuador","Imbabura","EC100350","Cotacachi","parroquia",2019,NA,NA,9,1,NA,2,NA,NA,NA,65,1,NA,NA,NA,1,NA,NA,NA
"Ecuador","Imbabura","EC100350","Cotacachi","parroquia",2020,NA,NA,9,NA,NA,NA,NA,1,NA,24,NA,NA,NA,NA,NA,NA,NA,NA
"Ecuador","Imbabura","EC100450","Otavalo","parroquia",2015,NA,NA,43,NA,NA,1,2,16,1,247,NA,NA,NA,NA,NA,NA,NA,NA
"Ecuador","Imbabura","EC100450","Otavalo","parroquia",2016,4,NA,36,NA,NA,3,1,8,NA,276,1,1,NA,1,NA,NA,NA,NA
"Ecuador","Loja","EC110150","Loja","parroquia",2015,32,36,134,46,3,27,30,65,16,951,11,NA,NA,1,NA,NA,NA,NA
"Ecuador","Loja","EC110150","Loja","parroquia",2016,22,40,153,57,8,25,47,55,12,996,23,1,1,NA,NA,NA,NA,NA
"Ecuador","Loja","EC110161","Vilcabamba (Victoria)","parroquia",2015,NA,NA,NA,NA,NA,NA,NA,5,3,12,5,NA,NA,NA,NA,NA,NA,NA
"Ecuador","Loja","EC110161","Vilcabamba (Victoria)","parroquia",2016,NA,1,NA,NA,NA,NA,1,4,NA,23,6,NA,NA,NA,NA,NA,NA,NA
"Ecuador","Loja","EC110161","Vilcabamba (Victoria)","parroquia",2019,NA,NA,8,1,2,NA,NA,3,2,25,4,NA,NA,NA,NA,NA,NA,NA
"Ecuador","Loja","EC110161","Vilcabamba (Victoria)","parroquia",2020,NA,NA,1,NA,NA,NA,NA,NA,1,11,1,NA,NA,NA,NA,NA,NA,NA
"Ecuador","Loja","EC110250","Cariamanga","parroquia",2015,1,1,2,NA,NA,4,4,7,NA,48,NA,NA,NA,NA,NA,NA,NA,NA
"Ecuador","Loja","EC110250","Cariamanga","parroquia",2016,8,1,9,NA,1,4,4,11,4,63,2,NA,NA,NA,NA,NA,NA,NA
"Ecuador","Loja","EC110250","Cariamanga","parroquia",2019,3,7,6,1,NA,3,2,12,4,56,NA,NA,NA,NA,NA,NA,NA,NA
"Ecuador","Loja","EC110250","Cariamanga","parroquia",2020,1,4,3,1,NA,NA,NA,1,NA,31,1,NA,NA,NA,NA,NA,1,NA
"Ecuador","Loja","EC110650","Amaluza","parroquia",2015,1,NA,2,NA,1,2,1,4,NA,46,1,NA,NA,NA,NA,NA,NA,NA
"Ecuador","Loja","EC110650","Amaluza","parroquia",2016,1,1,1,NA,NA,2,NA,1,NA,59,8,NA,NA,NA,NA,NA,NA,NA
"Ecuador","Loja","EC110650","Amaluza","parroquia",2019,NA,1,2,NA,NA,1,1,NA,NA,52,3,NA,NA,NA,NA,NA,NA,NA
"Ecuador","Loja","EC110650","Amaluza","parroquia",2020,NA,3,NA,NA,NA,NA,NA,3,NA,23,NA,NA,NA,NA,NA,NA,NA,NA
"Ecuador","Loja","EC110850","Macara","parroquia",2015,1,NA,2,NA,1,NA,NA,7,1,39,NA,NA,NA,NA,NA,NA,NA,NA
"Ecuador","Loja","EC110850","Macara","parroquia",2016,1,NA,5,NA,NA,2,3,5,NA,30,1,NA,NA,NA,NA,NA,NA,NA
"Ecuador","Loja","EC110850","Macara","parroquia",2019,2,NA,11,NA,2,2,2,4,2,33,1,NA,NA,NA,NA,NA,NA,NA
"Ecuador","Loja","EC110850","Macara","parroquia",2020,NA,5,11,NA,2,2,1,4,NA,28,NA,NA,NA,1,NA,NA,NA,NA
"Ecuador","Loja","EC110950","Catacocha","parroquia",2015,7,2,15,NA,1,2,NA,25,NA,117,1,NA,NA,NA,NA,NA,NA,NA
"Ecuador","Loja","EC110950","Catacocha","parroquia",2016,3,NA,1,NA,NA,NA,NA,34,1,108,NA,NA,NA,NA,NA,NA,NA,NA
"Ecuador","Loja","EC110950","Catacocha","parroquia",2019,5,1,5,NA,NA,1,NA,13,NA,128,NA,NA,NA,NA,NA,NA,NA,NA
"Ecuador","Loja","EC110950","Catacocha","parroquia",2020,2,1,NA,NA,NA,NA,1,6,NA,66,NA,NA,NA,NA,NA,NA,NA,NA
"Ecuador","Loja","EC111050","Alamor","parroquia",2015,NA,NA,3,NA,NA,NA,NA,NA,NA,26,NA,NA,NA,NA,NA,NA,NA,NA
"Ecuador","Loja","EC111050","Alamor","parroquia",2016,1,1,3,NA,NA,1,1,1,1,35,NA,NA,NA,NA,NA,NA,NA,NA
"Ecuador","Loja","EC111050","Alamor","parroquia",2019,NA,1,11,NA,NA,NA,NA,NA,NA,9,NA,NA,NA,NA,NA,NA,NA,NA
"Ecuador","Loja","EC111050","Alamor","parroquia",2020,NA,NA,6,NA,NA,1,NA,3,NA,18,NA,NA,NA,NA,NA,NA,NA,NA
"Ecuador","Loja","EC111150","Saraguro","parroquia",2015,3,NA,6,NA,NA,5,5,4,1,43,NA,NA,NA,NA,NA,NA,NA,NA
"Ecuador","Loja","EC111150","Saraguro","parroquia",2016,1,NA,3,NA,NA,1,1,NA,NA,48,2,NA,NA,NA,NA,NA,NA,NA
"Ecuador","Loja","EC111150","Saraguro","parroquia",2019,NA,NA,NA,NA,NA,NA,NA,NA,NA,48,NA,NA,NA,NA,NA,NA,NA,NA
"Ecuador","Loja","EC111150","Saraguro","parroquia",2020,NA,NA,NA,NA,NA,NA,NA,NA,NA,26,NA,NA,NA,NA,NA,NA,NA,NA
"Ecuador","Los Rios","EC120150","Babahoyo","parroquia",2015,43,16,39,62,4,32,62,37,18,412,30,1,3,NA,NA,NA,NA,NA
"Ecuador","Los Rios","EC120150","Babahoyo","parroquia",2016,26,44,43,62,4,20,23,29,15,469,36,NA,NA,NA,NA,NA,NA,NA
"Ecuador","Los Rios","EC120250","Baba","parroquia",2015,NA,NA,2,NA,NA,1,1,1,NA,12,5,NA,NA,NA,NA,NA,NA,NA
"Ecuador","Los Rios","EC120250","Baba","parroquia",2016,NA,NA,2,NA,1,1,1,2,NA,19,1,NA,NA,1,NA,NA,NA,NA
"Ecuador","Los Rios","EC120250","Baba","parroquia",2019,4,NA,1,NA,1,13,16,2,3,28,2,NA,NA,NA,NA,NA,NA,NA
"Ecuador","Los Rios","EC120250","Baba","parroquia",2020,NA,NA,NA,NA,NA,4,4,5,7,8,1,NA,NA,NA,NA,NA,NA,NA
"Ecuador","Los Rios","EC120452","San Juan","parroquia",2015,NA,NA,NA,NA,NA,NA,NA,NA,NA,NA,1,NA,NA,NA,NA,NA,NA,NA
"Ecuador","Los Rios","EC120452","San Juan","parroquia",2016,NA,NA,NA,NA,NA,NA,NA,NA,NA,1,NA,NA,NA,NA,NA,NA,NA,NA
"Ecuador","Los Rios","EC120452","San Juan","parroquia",2019,NA,NA,NA,NA,NA,NA,NA,NA,NA,1,NA,NA,NA,NA,NA,NA,NA,NA
"Ecuador","Los Rios","EC120550","Quevedo","parroquia",2015,28,28,14,5,7,15,20,12,5,349,16,NA,2,NA,1,2,NA,NA
"Ecuador","Los Rios","EC120550","Quevedo","parroquia",2016,85,103,10,15,17,14,18,15,6,463,12,NA,4,1,2,4,NA,NA
"Ecuador","Los Rios","EC120651","Ricaurte","parroquia",2015,NA,1,3,NA,1,1,1,NA,NA,23,NA,NA,1,NA,NA,NA,NA,NA
"Ecuador","Los Rios","EC120651","Ricaurte","parroquia",2016,NA,NA,5,1,NA,4,3,2,NA,53,1,NA,NA,NA,NA,NA,NA,NA
"Ecuador","Los Rios","EC120651","Ricaurte","parroquia",2019,1,3,2,NA,NA,1,1,2,1,11,1,NA,NA,NA,NA,NA,NA,NA
"Ecuador","Los Rios","EC120651","Ricaurte","parroquia",2020,2,NA,3,NA,NA,NA,NA,2,NA,21,NA,NA,NA,NA,NA,NA,NA,NA
"Ecuador","Los Rios","EC120750","Ventanas","parroquia",2015,12,5,4,NA,1,5,4,4,3,22,4,NA,NA,NA,NA,NA,NA,NA
"Ecuador","Los Rios","EC120750","Ventanas","parroquia",2016,5,12,5,1,3,2,6,8,1,60,6,NA,NA,4,NA,NA,NA,NA
"Ecuador","Los Rios","EC120750","Ventanas","parroquia",2019,4,3,7,NA,NA,9,8,9,2,55,8,NA,NA,NA,NA,NA,NA,NA
"Ecuador","Los Rios","EC120750","Ventanas","parroquia",2020,1,5,1,NA,NA,3,4,3,4,34,6,NA,NA,NA,NA,NA,NA,NA
"Ecuador","Los Rios","EC120850","Vinces","parroquia",2015,6,2,15,2,NA,9,10,20,10,159,4,NA,NA,NA,NA,NA,NA,NA
"Ecuador","Los Rios","EC120850","Vinces","parroquia",2016,2,NA,12,1,NA,4,4,5,4,117,3,NA,NA,NA,NA,NA,NA,NA
"Ecuador","Los Rios","EC120850","Vinces","parroquia",2019,6,1,11,2,NA,NA,NA,3,2,83,1,NA,NA,NA,NA,NA,NA,NA
"Ecuador","Los Rios","EC120850","Vinces","parroquia",2020,1,2,9,NA,NA,1,1,NA,1,29,NA,NA,NA,NA,NA,NA,NA,NA
"Ecuador","Los Rios","EC121050","San Jacinto de Buena Fe","parroquia",2015,NA,1,NA,NA,NA,NA,NA,3,1,55,4,NA,NA,2,NA,NA,NA,NA
"Ecuador","Los Rios","EC121050","San Jacinto de Buena Fe","parroquia",2016,NA,5,NA,1,NA,4,5,3,NA,102,13,NA,NA,NA,NA,NA,NA,NA
"Ecuador","Los Rios","EC121050","San Jacinto de Buena Fe","parroquia",2019,1,19,3,NA,1,4,6,3,NA,40,8,NA,NA,NA,NA,NA,NA,NA
"Ecuador","Los Rios","EC121050","San Jacinto de Buena Fe","parroquia",2020,NA,2,NA,NA,NA,3,3,1,NA,27,3,NA,NA,NA,NA,NA,NA,NA
"Ecuador","Los Rios","EC121350","Quinsaloma","parroquia",2015,NA,NA,NA,NA,NA,NA,NA,NA,2,2,NA,NA,NA,NA,NA,NA,NA,NA
"Ecuador","Los Rios","EC121350","Quinsaloma","parroquia",2016,NA,NA,NA,NA,NA,1,1,1,1,NA,1,NA,NA,NA,NA,NA,NA,NA
"Ecuador","Manabi","EC130150","Portoviejo","parroquia",2015,172,35,119,74,2,19,35,85,4,556,19,NA,4,NA,2,4,4,NA
"Ecuador","Manabi","EC130150","Portoviejo","parroquia",2016,158,25,127,84,11,16,28,77,6,652,9,NA,4,NA,NA,NA,NA,NA
"Ecuador","Manabi","EC130250","Calceta","parroquia",2015,4,5,6,NA,3,NA,22,23,8,10,28,NA,NA,NA,NA,NA,NA,NA
"Ecuador","Manabi","EC130250","Calceta","parroquia",2016,5,6,12,NA,NA,1,14,18,8,30,28,NA,NA,NA,NA,NA,2,NA
"Ecuador","Manabi","EC130250","Calceta","parroquia",2019,11,11,18,2,NA,2,10,13,2,24,14,NA,NA,NA,NA,NA,NA,NA
"Ecuador","Manabi","EC130250","Calceta","parroquia",2020,4,10,2,NA,NA,NA,1,5,1,29,3,NA,NA,NA,NA,NA,NA,NA
"Ecuador","Manabi","EC130350","Chone","parroquia",2015,42,39,23,10,7,8,6,56,3,98,9,NA,1,NA,NA,NA,NA,NA
"Ecuador","Manabi","EC130350","Chone","parroquia",2016,42,12,26,27,3,8,12,76,14,114,25,NA,1,NA,NA,NA,NA,NA
"Ecuador","Manabi","EC130450","El Carmen","parroquia",2015,1,1,5,NA,NA,1,3,2,6,51,NA,NA,NA,NA,NA,NA,NA,NA
"Ecuador","Manabi","EC130450","El Carmen","parroquia",2016,7,NA,4,NA,NA,2,1,1,12,55,NA,NA,NA,NA,NA,NA,NA,NA
"Ecuador","Manabi","EC130550","Flavio Alfaro","parroquia",2015,NA,NA,NA,NA,NA,2,1,2,1,55,3,NA,NA,NA,NA,NA,NA,NA
"Ecuador","Manabi","EC130550","Flavio Alfaro","parroquia",2016,5,NA,6,NA,NA,2,2,11,2,49,1,NA,NA,NA,NA,NA,NA,NA
"Ecuador","Manabi","EC130550","Flavio Alfaro","parroquia",2019,11,NA,1,NA,NA,NA,NA,8,NA,95,6,NA,NA,NA,NA,NA,NA,NA
"Ecuador","Manabi","EC130550","Flavio Alfaro","parroquia",2020,2,2,2,NA,NA,NA,NA,5,2,38,NA,NA,NA,NA,NA,NA,NA,NA
"Ecuador","Manabi","EC130650","Jipijapa","parroquia",2015,12,NA,25,NA,NA,17,5,6,2,108,3,1,NA,NA,NA,NA,NA,NA
"Ecuador","Manabi","EC130650","Jipijapa","parroquia",2016,18,3,21,1,1,19,1,8,2,119,NA,1,NA,NA,NA,NA,NA,NA
"Ecuador","Manabi","EC130850","Manta","parroquia",2015,45,122,64,106,17,33,72,92,20,558,61,NA,1,NA,NA,NA,NA,NA
"Ecuador","Manabi","EC130850","Manta","parroquia",2016,75,120,36,89,9,25,55,79,7,663,51,NA,1,1,3,2,NA,NA
"Ecuador","Manabi","EC130850","Manta","parroquia",2019,NA,NA,NA,5,NA,NA,NA,NA,NA,2,NA,NA,NA,NA,NA,NA,NA,NA
"Ecuador","Manabi","EC130850","Manta","parroquia",2020,NA,2,1,NA,NA,1,1,NA,NA,4,NA,NA,NA,NA,NA,NA,NA,NA
"Ecuador","Manabi","EC131050","Pajan","parroquia",2015,2,NA,2,1,NA,2,2,3,NA,38,NA,NA,NA,NA,NA,NA,NA,NA
"Ecuador","Manabi","EC131050","Pajan","parroquia",2016,1,6,4,NA,NA,NA,NA,3,NA,8,NA,NA,NA,NA,NA,NA,NA,NA
"Ecuador","Manabi","EC131050","Pajan","parroquia",2019,2,3,1,1,NA,2,NA,NA,NA,21,1,NA,NA,NA,NA,NA,NA,NA
"Ecuador","Manabi","EC131050","Pajan","parroquia",2020,NA,2,2,NA,NA,NA,1,NA,NA,20,NA,NA,NA,NA,NA,NA,NA,NA
"Ecuador","Manabi","EC131150","Pichincha","parroquia",2015,10,NA,1,NA,1,NA,1,NA,NA,24,NA,1,NA,NA,NA,NA,NA,NA
"Ecuador","Manabi","EC131150","Pichincha","parroquia",2016,13,NA,2,NA,NA,NA,3,4,NA,40,3,NA,NA,NA,NA,NA,NA,NA
"Ecuador","Manabi","EC131150","Pichincha","parroquia",2019,19,NA,8,NA,NA,2,2,12,2,37,8,NA,NA,NA,NA,NA,NA,NA
"Ecuador","Manabi","EC131150","Pichincha","parroquia",2020,4,NA,NA,NA,NA,NA,NA,9,1,16,4,NA,NA,NA,NA,NA,NA,NA
"Ecuador","Manabi","EC131250","Rocafuerte","parroquia",2015,8,NA,2,NA,1,NA,NA,2,NA,5,NA,NA,NA,NA,NA,NA,NA,NA
"Ecuador","Manabi","EC131250","Rocafuerte","parroquia",2016,6,1,4,NA,1,1,1,2,NA,3,NA,NA,NA,NA,NA,NA,NA,NA
"Ecuador","Manabi","EC131250","Rocafuerte","parroquia",2019,2,NA,2,NA,NA,NA,1,1,1,70,2,NA,NA,NA,NA,NA,NA,NA
"Ecuador","Manabi","EC131250","Rocafuerte","parroquia",2020,NA,NA,NA,NA,NA,NA,NA,NA,NA,16,1,NA,NA,NA,NA,NA,NA,NA
"Ecuador","Manabi","EC131450","Bahia de Caraquez","parroquia",2015,NA,5,19,1,NA,2,7,17,4,102,2,NA,1,NA,NA,NA,NA,NA
"Ecuador","Manabi","EC131450","Bahia de Caraquez","parroquia",2016,16,2,33,NA,NA,3,10,13,NA,108,13,NA,NA,NA,NA,NA,NA,NA
"Ecuador","Manabi","EC131550","Tosagua","parroquia",2019,NA,NA,NA,NA,NA,NA,NA,NA,NA,1,1,NA,NA,NA,NA,NA,NA,NA
"Ecuador","Manabi","EC132250","San Vicente","parroquia",2015,NA,NA,NA,NA,NA,2,2,NA,5,2,NA,NA,NA,NA,NA,NA,NA,NA
"Ecuador","Manabi","EC132250","San Vicente","parroquia",2016,NA,NA,NA,NA,NA,NA,NA,NA,NA,3,NA,NA,NA,NA,NA,NA,NA,NA
"Ecuador","Manabi","EC132250","San Vicente","parroquia",2019,NA,NA,NA,1,NA,NA,NA,1,NA,NA,1,NA,NA,NA,NA,NA,NA,NA
"Ecuador","Morona Santiago","EC140150","Macas","parroquia",2015,2,4,38,NA,NA,12,11,19,NA,172,9,NA,NA,NA,NA,NA,NA,NA
"Ecuador","Morona Santiago","EC140150","Macas","parroquia",2016,5,2,45,1,NA,14,9,20,2,349,6,NA,NA,NA,3,2,NA,NA
"Ecuador","Morona Santiago","EC140150","Macas","parroquia",2019,2,6,31,5,1,7,4,7,1,165,1,NA,NA,11,2,NA,NA,NA
"Ecuador","Morona Santiago","EC140150","Macas","parroquia",2020,5,5,12,1,NA,6,1,5,1,99,4,NA,NA,2,2,NA,NA,NA
"Ecuador","Morona Santiago","EC140250","Gualaquiza","parroquia",2015,1,NA,11,NA,1,3,3,4,3,22,NA,NA,NA,4,NA,NA,NA,NA
"Ecuador","Morona Santiago","EC140250","Gualaquiza","parroquia",2016,NA,NA,26,3,1,2,3,2,NA,15,6,NA,NA,NA,NA,NA,NA,NA
"Ecuador","Morona Santiago","EC140350","Gral. Leonidas Plaza Gutierrez","parroquia",2015,1,1,23,1,NA,3,6,7,NA,104,2,NA,NA,NA,NA,NA,NA,NA
"Ecuador","Morona Santiago","EC140350","Gral. Leonidas Plaza Gutierrez","parroquia",2016,NA,2,26,NA,1,9,14,1,2,228,3,NA,NA,NA,NA,NA,NA,NA
"Ecuador","Morona Santiago","EC140350","Gral. Leonidas Plaza Gutierrez","parroquia",2019,NA,NA,45,1,NA,2,6,4,NA,172,3,NA,NA,NA,NA,NA,NA,NA
"Ecuador","Morona Santiago","EC140350","Gral. Leonidas Plaza Gutierrez","parroquia",2020,1,NA,22,NA,1,1,NA,1,1,92,1,NA,NA,NA,NA,NA,NA,NA
"Ecuador","Morona Santiago","EC140550","Santiago de Mendez","parroquia",2015,NA,NA,15,NA,1,NA,2,8,1,163,3,NA,NA,NA,NA,NA,NA,NA
"Ecuador","Morona Santiago","EC140550","Santiago de Mendez","parroquia",2016,1,NA,2,NA,NA,2,2,4,4,230,4,NA,NA,NA,NA,NA,NA,NA
"Ecuador","Morona Santiago","EC140550","Santiago de Mendez","parroquia",2019,NA,NA,8,NA,NA,NA,NA,NA,NA,244,NA,NA,1,1,NA,NA,NA,NA
"Ecuador","Morona Santiago","EC140550","Santiago de Mendez","parroquia",2020,NA,4,7,2,NA,NA,1,1,NA,105,2,NA,NA,NA,NA,NA,NA,NA
"Ecuador","Morona Santiago","EC140650","Sucua","parroquia",2015,5,NA,10,1,2,12,7,20,3,275,5,1,NA,1,NA,NA,NA,NA
"Ecuador","Morona Santiago","EC140650","Sucua","parroquia",2016,2,NA,14,2,NA,7,4,15,2,275,5,NA,NA,2,1,NA,NA,NA
"Ecuador","Morona Santiago","EC140650","Sucua","parroquia",2019,2,1,9,NA,NA,15,12,4,NA,328,3,NA,NA,4,1,NA,NA,NA
"Ecuador","Morona Santiago","EC140650","Sucua","parroquia",2020,NA,NA,11,1,NA,1,2,7,2,152,4,NA,NA,1,NA,NA,NA,NA
"Ecuador","Morona Santiago","EC140950","Taisha","parroquia",2015,24,NA,2,NA,NA,NA,NA,NA,NA,76,1,NA,NA,4,2,4,NA,NA
"Ecuador","Morona Santiago","EC140950","Taisha","parroquia",2016,7,NA,1,NA,NA,NA,1,1,NA,64,1,NA,NA,11,1,NA,NA,NA
"Ecuador","Morona Santiago","EC140950","Taisha","parroquia",2019,1,1,7,NA,NA,1,1,1,NA,173,2,NA,NA,NA,2,NA,NA,NA
"Ecuador","Morona Santiago","EC140950","Taisha","parroquia",2020,1,NA,7,NA,NA,NA,NA,NA,NA,175,1,NA,NA,4,3,NA,NA,NA
"Ecuador","Napo","EC150150","Tena","parroquia",2015,14,5,20,2,2,3,12,8,NA,192,NA,NA,NA,NA,4,4,NA,NA
"Ecuador","Napo","EC150150","Tena","parroquia",2016,13,NA,6,2,1,5,8,7,4,217,NA,NA,NA,NA,NA,NA,NA,NA
"Ecuador","Napo","EC150150","Tena","parroquia",2019,1,2,18,NA,1,1,12,17,NA,108,5,NA,NA,NA,NA,NA,NA,NA
"Ecuador","Napo","EC150150","Tena","parroquia",2020,4,3,4,NA,1,NA,5,3,1,46,NA,NA,NA,3,NA,NA,2,NA
"Ecuador","Napo","EC150350","Archidona","parroquia",2015,NA,NA,8,1,NA,1,2,1,NA,32,2,NA,NA,NA,NA,NA,NA,NA
"Ecuador","Napo","EC150350","Archidona","parroquia",2016,NA,NA,6,NA,NA,3,8,1,NA,68,NA,NA,NA,NA,NA,NA,NA,NA
"Ecuador","Napo","EC150450","El Chaco","parroquia",2015,NA,NA,3,NA,NA,3,2,1,2,32,7,NA,NA,NA,NA,NA,NA,NA
"Ecuador","Napo","EC150450","El Chaco","parroquia",2016,NA,NA,NA,NA,NA,1,1,NA,NA,10,1,NA,NA,NA,NA,NA,NA,NA
"Ecuador","Napo","EC150750","Baeza","parroquia",2015,NA,1,5,NA,NA,1,1,1,NA,15,1,NA,NA,NA,NA,NA,NA,NA
"Ecuador","Napo","EC150750","Baeza","parroquia",2016,NA,1,6,NA,1,2,2,3,1,37,NA,NA,NA,NA,NA,NA,NA,NA
"Ecuador","Napo","EC150750","Baeza","parroquia",2019,NA,1,3,NA,NA,NA,NA,1,NA,17,NA,NA,NA,NA,NA,NA,NA,NA
"Ecuador","Napo","EC150750","Baeza","parroquia",2020,NA,1,1,1,NA,1,1,NA,1,NA,NA,NA,NA,NA,NA,NA,NA,NA
"Ecuador","Orellana","EC220150","Puerto Francisco de Orellana (El Coca)","parroquia",2015,22,1,15,NA,NA,11,10,16,4,106,1,NA,NA,3,NA,NA,NA,NA
"Ecuador","Orellana","EC220150","Puerto Francisco de Orellana (El Coca)","parroquia",2016,69,1,10,NA,NA,16,16,16,1,247,5,NA,NA,NA,NA,NA,NA,NA
"Ecuador","Orellana","EC220150","Puerto Francisco de Orellana (El Coca)","parroquia",2019,11,1,27,8,2,1,2,9,NA,110,4,NA,NA,2,1,2,NA,NA
"Ecuador","Orellana","EC220150","Puerto Francisco de Orellana (El Coca)","parroquia",2020,1,1,9,NA,NA,NA,NA,3,NA,90,2,NA,NA,2,NA,NA,2,NA
"Ecuador","Orellana","EC220250","Nuevo Rocafuerte","parroquia",2015,NA,NA,NA,NA,NA,1,1,NA,NA,NA,NA,NA,NA,NA,NA,NA,NA,NA
"Ecuador","Orellana","EC220250","Nuevo Rocafuerte","parroquia",2016,NA,NA,NA,NA,NA,NA,NA,NA,NA,3,2,NA,NA,NA,NA,NA,NA,NA
"Ecuador","Orellana","EC220250","Nuevo Rocafuerte","parroquia",2019,NA,NA,1,2,NA,2,NA,NA,1,5,NA,NA,NA,4,NA,NA,NA,NA
"Ecuador","Orellana","EC220250","Nuevo Rocafuerte","parroquia",2020,NA,NA,NA,1,NA,1,NA,1,NA,8,NA,NA,NA,4,NA,NA,NA,NA
"Ecuador","Pastaza","EC160150","Puyo","parroquia",2015,3,9,42,NA,2,7,13,6,4,353,8,NA,NA,10,3,6,NA,NA
"Ecuador","Pastaza","EC160150","Puyo","parroquia",2016,10,3,35,1,8,9,13,13,4,403,13,NA,NA,19,1,NA,NA,NA
"Ecuador","Pastaza","EC160150","Puyo","parroquia",2019,9,3,31,2,1,23,25,10,1,304,7,NA,NA,14,2,NA,NA,NA
"Ecuador","Pastaza","EC160150","Puyo","parroquia",2020,1,5,20,6,6,15,16,4,NA,183,1,NA,NA,17,1,NA,NA,NA
"Ecuador","Pichincha","EC170150","Quito","parroquia",2015,233,436,590,166,65,205,307,203,68,3026,101,6,16,10,6,6,NA,NA
"Ecuador","Pichincha","EC170150","Quito","parroquia",2016,281,168,208,118,30,150,264,127,86,2508,98,6,11,NA,1,2,NA,1
"Ecuador","Pichincha","EC170151","Alangasi","parroquia",2015,NA,1,4,1,NA,NA,NA,NA,NA,6,NA,NA,NA,NA,NA,NA,NA,NA
"Ecuador","Pichincha","EC170151","Alangasi","parroquia",2016,NA,1,2,2,NA,NA,NA,NA,NA,17,NA,NA,NA,NA,NA,NA,NA,NA
"Ecuador","Pichincha","EC170151","Alangasi","parroquia",2019,NA,NA,1,NA,1,NA,NA,NA,NA,1,NA,NA,NA,NA,NA,NA,NA,NA
"Ecuador","Pichincha","EC170151","Alangasi","parroquia",2020,NA,NA,NA,2,NA,NA,NA,NA,NA,1,NA,NA,NA,NA,NA,NA,NA,NA
"Ecuador","Pichincha","EC170152","Amagua├▒a","parroquia",2019,NA,NA,1,NA,NA,NA,9,NA,3,NA,16,NA,NA,NA,NA,NA,NA,NA
"Ecuador","Pichincha","EC170152","Amagua├▒a","parroquia",2020,NA,NA,NA,NA,NA,1,13,NA,7,3,10,NA,NA,NA,NA,NA,NA,NA
"Ecuador","Pichincha","EC170155","Calderon (Carapungo)","parroquia",2015,1,NA,2,2,NA,NA,NA,5,1,22,1,NA,NA,NA,NA,NA,NA,NA
"Ecuador","Pichincha","EC170155","Calderon (Carapungo)","parroquia",2016,35,2,51,7,1,7,7,29,5,111,7,NA,NA,NA,NA,NA,NA,NA
"Ecuador","Pichincha","EC170155","Calderon (Carapungo)","parroquia",2019,17,6,22,6,NA,17,22,23,NA,36,4,NA,1,NA,1,NA,NA,NA
"Ecuador","Pichincha","EC170155","Calderon (Carapungo)","parroquia",2020,16,4,9,2,NA,8,7,11,3,24,4,NA,NA,NA,1,NA,NA,NA
"Ecuador","Pichincha","EC170156","Conocoto","parroquia",2015,NA,1,1,NA,NA,2,2,NA,2,19,1,NA,NA,NA,NA,NA,NA,NA
"Ecuador","Pichincha","EC170156","Conocoto","parroquia",2016,NA,1,NA,NA,NA,1,1,1,1,24,6,NA,NA,NA,NA,NA,NA,NA
"Ecuador","Pichincha","EC170156","Conocoto","parroquia",2019,25,NA,NA,NA,NA,NA,NA,NA,3,7,2,NA,NA,NA,NA,NA,NA,NA
"Ecuador","Pichincha","EC170156","Conocoto","parroquia",2020,8,NA,2,3,NA,NA,NA,NA,NA,2,NA,NA,NA,NA,NA,NA,NA,NA
"Ecuador","Pichincha","EC170157","Cumbaya","parroquia",2015,8,43,10,7,7,4,10,11,2,87,1,NA,NA,1,NA,NA,NA,NA
"Ecuador","Pichincha","EC170157","Cumbaya","parroquia",2016,17,33,12,9,7,9,26,7,2,118,5,1,NA,NA,NA,NA,NA,NA
"Ecuador","Pichincha","EC170157","Cumbaya","parroquia",2019,17,23,4,18,5,13,32,5,2,159,9,NA,1,NA,NA,NA,NA,NA
"Ecuador","Pichincha","EC170157","Cumbaya","parroquia",2020,10,33,2,10,2,7,11,NA,1,76,5,NA,NA,NA,NA,NA,NA,NA
"Ecuador","Pichincha","EC170169","Nanegalito","parroquia",2015,1,NA,6,NA,NA,2,5,6,5,50,1,NA,NA,NA,2,4,NA,NA
"Ecuador","Pichincha","EC170169","Nanegalito","parroquia",2016,NA,NA,4,NA,NA,1,1,3,2,44,2,NA,NA,NA,3,2,NA,NA
"Ecuador","Pichincha","EC170169","Nanegalito","parroquia",2019,1,NA,1,1,NA,2,3,2,NA,67,3,NA,NA,NA,NA,NA,NA,NA
"Ecuador","Pichincha","EC170169","Nanegalito","parroquia",2020,NA,NA,2,NA,NA,1,2,1,NA,8,NA,NA,NA,NA,NA,NA,NA,NA
"Ecuador","Pichincha","EC170180","San Antonio","parroquia",2015,NA,NA,1,NA,NA,NA,NA,NA,NA,5,NA,NA,NA,NA,NA,NA,NA,NA
"Ecuador","Pichincha","EC170180","San Antonio","parroquia",2016,NA,NA,NA,NA,NA,NA,1,NA,NA,3,NA,NA,NA,NA,NA,NA,NA,NA
"Ecuador","Pichincha","EC170180","San Antonio","parroquia",2019,NA,NA,1,NA,NA,NA,NA,NA,NA,2,NA,NA,NA,NA,NA,NA,NA,NA
"Ecuador","Pichincha","EC170180","San Antonio","parroquia",2020,NA,NA,NA,NA,NA,NA,NA,NA,NA,3,NA,NA,NA,NA,NA,NA,NA,NA
"Ecuador","Pichincha","EC170184","Tumbaco","parroquia",2015,NA,1,1,NA,NA,1,1,1,NA,39,3,NA,NA,NA,NA,NA,NA,NA
"Ecuador","Pichincha","EC170184","Tumbaco","parroquia",2016,1,1,NA,NA,1,3,3,1,NA,41,1,NA,NA,NA,NA,NA,NA,NA
"Ecuador","Pichincha","EC170184","Tumbaco","parroquia",2019,1,NA,1,NA,NA,4,4,1,NA,48,3,NA,NA,NA,NA,NA,NA,NA
"Ecuador","Pichincha","EC170184","Tumbaco","parroquia",2020,NA,NA,4,1,NA,NA,NA,NA,1,35,NA,NA,NA,NA,NA,NA,NA,NA
"Ecuador","Pichincha","EC170185","Yaruqui","parroquia",2015,7,NA,6,NA,NA,NA,NA,6,NA,144,NA,NA,NA,NA,NA,NA,NA,NA
"Ecuador","Pichincha","EC170185","Yaruqui","parroquia",2016,47,NA,15,NA,NA,4,1,9,1,105,2,NA,NA,NA,NA,NA,NA,NA
"Ecuador","Pichincha","EC170185","Yaruqui","parroquia",2019,31,NA,9,NA,NA,5,1,9,3,204,NA,NA,NA,3,NA,NA,NA,NA
"Ecuador","Pichincha","EC170185","Yaruqui","parroquia",2020,10,NA,4,NA,NA,NA,NA,2,NA,95,1,NA,NA,NA,NA,NA,NA,NA
"Ecuador","Pichincha","EC170250","Cayambe","parroquia",2015,NA,NA,4,NA,NA,NA,1,1,NA,170,2,NA,NA,NA,NA,NA,NA,NA
"Ecuador","Pichincha","EC170250","Cayambe","parroquia",2016,1,NA,1,NA,NA,NA,NA,NA,NA,64,NA,NA,NA,NA,NA,NA,NA,NA
"Ecuador","Pichincha","EC170350","Machachi","parroquia",2015,NA,NA,3,NA,NA,2,1,1,NA,86,NA,NA,NA,NA,NA,NA,NA,NA
"Ecuador","Pichincha","EC170350","Machachi","parroquia",2016,5,NA,5,NA,NA,NA,1,1,NA,86,1,NA,NA,NA,NA,NA,NA,NA
"Ecuador","Pichincha","EC170350","Machachi","parroquia",2019,7,3,11,NA,NA,NA,NA,NA,NA,86,1,NA,NA,NA,NA,NA,NA,NA
"Ecuador","Pichincha","EC170350","Machachi","parroquia",2020,3,NA,5,NA,NA,NA,NA,1,NA,44,NA,NA,NA,NA,NA,NA,NA,NA
"Ecuador","Pichincha","EC170550","Sangolqui","parroquia",2015,1,NA,13,1,1,4,2,4,NA,115,3,NA,NA,1,NA,NA,NA,NA
"Ecuador","Pichincha","EC170550","Sangolqui","parroquia",2016,2,NA,10,NA,NA,6,6,6,1,202,1,NA,NA,NA,NA,NA,NA,NA
"Ecuador","Pichincha","EC170550","Sangolqui","parroquia",2019,NA,8,7,NA,NA,2,2,5,NA,150,7,NA,NA,NA,NA,NA,NA,NA
"Ecuador","Pichincha","EC170550","Sangolqui","parroquia",2020,NA,3,4,NA,2,3,2,2,NA,77,4,NA,NA,NA,NA,NA,NA,NA
"Ecuador","Pichincha","EC170850","Pedro Vicente Maldonado","parroquia",2015,1,NA,3,NA,1,3,2,4,NA,NA,1,NA,NA,NA,1,2,NA,2
"Ecuador","Pichincha","EC170850","Pedro Vicente Maldonado","parroquia",2016,3,NA,6,1,1,9,9,5,NA,1,6,NA,NA,NA,NA,NA,NA,NA
"Ecuador","Pichincha","EC170850","Pedro Vicente Maldonado","parroquia",2019,1,8,8,NA,1,NA,NA,1,NA,NA,1,NA,NA,NA,NA,NA,NA,NA
"Ecuador","Pichincha","EC170850","Pedro Vicente Maldonado","parroquia",2020,NA,2,1,NA,1,NA,NA,NA,NA,1,NA,NA,NA,NA,NA,NA,NA,NA
"Ecuador","Santa Elena","EC240150","Santa Elena","parroquia",2015,17,27,11,43,4,9,8,35,4,59,3,NA,NA,NA,NA,NA,NA,NA
"Ecuador","Santa Elena","EC240150","Santa Elena","parroquia",2016,27,30,13,67,3,13,22,37,10,101,12,NA,3,NA,1,NA,NA,NA
"Ecuador","Santa Elena","EC240154","Manglaralto","parroquia",2015,NA,NA,NA,NA,NA,NA,NA,1,NA,13,3,NA,NA,NA,NA,NA,NA,NA
"Ecuador","Santa Elena","EC240154","Manglaralto","parroquia",2016,4,NA,2,NA,NA,NA,NA,1,NA,24,5,NA,NA,NA,1,NA,NA,NA
"Ecuador","Santa Elena","EC240154","Manglaralto","parroquia",2019,11,NA,1,NA,NA,NA,NA,3,NA,70,1,NA,NA,4,NA,NA,NA,NA
"Ecuador","Santa Elena","EC240154","Manglaralto","parroquia",2020,1,NA,2,NA,NA,NA,NA,3,NA,28,1,NA,NA,NA,NA,NA,NA,NA
"Ecuador","Santa Elena","EC240156","San Jose de Ancon","parroquia",2015,2,1,6,2,NA,3,2,2,4,35,12,NA,NA,NA,NA,NA,NA,NA
"Ecuador","Santa Elena","EC240156","San Jose de Ancon","parroquia",2016,4,3,8,3,2,11,18,6,6,70,9,NA,NA,NA,NA,NA,NA,NA
"Ecuador","Santa Elena","EC240156","San Jose de Ancon","parroquia",2019,10,NA,7,4,NA,4,4,NA,3,42,4,NA,NA,NA,NA,NA,NA,NA
"Ecuador","Santa Elena","EC240156","San Jose de Ancon","parroquia",2020,1,NA,NA,2,NA,1,2,4,NA,25,1,NA,NA,NA,NA,NA,NA,NA
"Ecuador","Santa Elena","EC240250","La Libertad","parroquia",2015,5,7,1,NA,1,15,17,7,8,97,5,NA,NA,NA,NA,NA,NA,NA
"Ecuador","Santa Elena","EC240250","La Libertad","parroquia",2016,1,4,3,2,2,10,24,7,14,103,16,NA,NA,NA,NA,NA,NA,NA
"Ecuador","Santa Elena","EC240250","La Libertad","parroquia",2019,5,1,3,3,1,11,5,10,10,91,9,NA,NA,3,NA,NA,NA,NA
"Ecuador","Santa Elena","EC240250","La Libertad","parroquia",2020,1,7,NA,3,2,3,2,1,3,67,NA,NA,NA,8,NA,NA,NA,NA
"Ecuador","Santa Elena","EC240350","Salinas","parroquia",2015,2,NA,NA,NA,NA,3,3,NA,2,15,8,NA,NA,NA,NA,NA,NA,NA
"Ecuador","Santa Elena","EC240350","Salinas","parroquia",2016,3,NA,NA,NA,NA,1,1,2,NA,13,2,NA,NA,NA,NA,NA,NA,NA
"Ecuador","Santa Elena","EC240352","Jose Luis Tamayo (Muey)","parroquia",2015,3,4,2,10,2,4,7,8,11,147,11,NA,NA,NA,NA,NA,NA,NA
"Ecuador","Santa Elena","EC240352","Jose Luis Tamayo (Muey)","parroquia",2016,8,9,1,20,NA,4,4,5,3,65,5,NA,NA,NA,NA,NA,NA,NA
"Ecuador","Santa Elena","EC240352","Jose Luis Tamayo (Muey)","parroquia",2019,NA,42,NA,1,NA,6,5,1,2,27,11,NA,NA,NA,NA,NA,NA,NA
"Ecuador","Santa Elena","EC240352","Jose Luis Tamayo (Muey)","parroquia",2020,NA,2,1,2,NA,1,6,1,3,17,5,NA,NA,NA,NA,NA,NA,NA
"Ecuador","Santo Domingo de los Tsachilas","EC230150","Santo Domingo de los Colorados","parroquia",2015,38,43,120,10,4,53,66,23,21,258,51,NA,NA,1,NA,NA,1,1
"Ecuador","Santo Domingo de los Tsachilas","EC230150","Santo Domingo de los Colorados","parroquia",2016,69,34,133,94,5,55,76,29,21,223,49,5,NA,NA,4,6,NA,NA
"Ecuador","Santo Domingo de los Tsachilas","EC230150","Santo Domingo de los Colorados","parroquia",2019,NA,2,NA,NA,NA,NA,NA,NA,1,29,1,NA,NA,NA,NA,NA,NA,NA
"Ecuador","Santo Domingo de los Tsachilas","EC230150","Santo Domingo de los Colorados","parroquia",2020,NA,NA,NA,NA,NA,2,1,3,NA,16,4,NA,NA,NA,NA,NA,NA,NA
"Ecuador","Santo Domingo de los Tsachilas","EC230152","Puerto Limon","parroquia",2015,NA,NA,NA,NA,NA,1,1,1,NA,NA,2,NA,NA,NA,NA,NA,NA,NA
"Ecuador","Sucumbios","EC210150","Nueva Loja","parroquia",2015,7,16,26,5,NA,42,55,31,18,539,24,NA,1,2,1,NA,NA,NA
"Ecuador","Sucumbios","EC210150","Nueva Loja","parroquia",2016,14,4,20,7,NA,7,14,35,6,398,15,NA,3,2,1,NA,NA,NA
"Ecuador","Sucumbios","EC210150","Nueva Loja","parroquia",2019,4,17,40,50,1,9,8,12,2,428,4,NA,1,9,1,NA,NA,NA
"Ecuador","Sucumbios","EC210150","Nueva Loja","parroquia",2020,2,15,17,22,1,3,3,5,1,265,2,NA,1,6,1,2,NA,NA
"Ecuador","Sucumbios","EC210450","Shushufindi","parroquia",2015,1,NA,18,3,1,4,4,12,NA,109,4,NA,NA,NA,NA,NA,NA,NA
"Ecuador","Sucumbios","EC210450","Shushufindi","parroquia",2016,2,NA,22,1,1,3,1,12,3,172,3,NA,NA,1,NA,NA,NA,NA
"Ecuador","Sucumbios","EC210450","Shushufindi","parroquia",2019,12,5,31,NA,2,2,3,8,1,70,6,NA,NA,NA,1,NA,NA,NA
"Ecuador","Sucumbios","EC210450","Shushufindi","parroquia",2020,6,NA,9,NA,NA,NA,3,3,2,56,2,NA,NA,1,NA,NA,NA,NA
"Ecuador","Tungurahua","EC180150","Ambato","parroquia",2015,NA,1,1,NA,NA,NA,1,NA,NA,15,1,1,NA,NA,NA,NA,NA,NA
"Ecuador","Tungurahua","EC180150","Ambato","parroquia",2016,27,32,199,8,25,50,62,56,23,728,48,1,NA,2,1,2,NA,NA
"Ecuador","Tungurahua","EC180156","Izamba","parroquia",2015,NA,NA,NA,NA,NA,1,1,NA,NA,11,2,NA,NA,NA,NA,NA,NA,NA
"Ecuador","Tungurahua","EC180156","Izamba","parroquia",2019,NA,NA,NA,NA,NA,NA,1,NA,NA,28,NA,NA,NA,NA,NA,NA,NA,NA
"Ecuador","Tungurahua","EC180156","Izamba","parroquia",2020,NA,NA,NA,NA,NA,NA,NA,NA,NA,15,NA,NA,1,NA,NA,NA,NA,NA
"Ecuador","Tungurahua","EC180163","San Bartolome de Pinllog","parroquia",2015,NA,NA,NA,NA,NA,4,4,NA,1,2,4,NA,NA,NA,NA,NA,NA,NA
"Ecuador","Tungurahua","EC180163","San Bartolome de Pinllog","parroquia",2016,NA,2,NA,NA,NA,1,1,NA,1,5,4,NA,NA,NA,NA,NA,NA,NA
"Ecuador","Tungurahua","EC180163","San Bartolome de Pinllog","parroquia",2019,NA,NA,NA,NA,NA,NA,NA,NA,NA,4,4,NA,NA,NA,NA,NA,NA,NA
"Ecuador","Tungurahua","EC180163","San Bartolome de Pinllog","parroquia",2020,NA,NA,1,NA,NA,NA,NA,NA,NA,3,3,NA,NA,NA,NA,NA,NA,NA
"Ecuador","Tungurahua","EC180250","Ba├▒os de Agua Santa","parroquia",2016,NA,1,6,NA,NA,5,4,10,2,14,NA,NA,NA,1,NA,NA,NA,NA
"Ecuador","Tungurahua","EC180250","Ba├▒os de Agua Santa","parroquia",2019,1,2,28,NA,NA,7,NA,15,NA,91,2,NA,NA,NA,NA,NA,NA,NA
"Ecuador","Tungurahua","EC180250","Ba├▒os de Agua Santa","parroquia",2020,NA,NA,9,NA,2,1,NA,1,1,41,NA,NA,NA,NA,NA,NA,NA,NA
"Ecuador","Tungurahua","EC180750","Pelileo","parroquia",2015,5,NA,2,1,1,4,4,4,2,43,NA,NA,NA,NA,NA,NA,NA,NA
"Ecuador","Tungurahua","EC180750","Pelileo","parroquia",2016,9,NA,6,1,1,7,4,3,4,62,NA,NA,NA,NA,NA,NA,NA,NA
"Ecuador","Tungurahua","EC180850","Pillaro","parroquia",2015,NA,NA,3,NA,1,11,11,4,8,144,NA,NA,NA,NA,NA,NA,NA,NA
"Ecuador","Tungurahua","EC180850","Pillaro","parroquia",2016,NA,1,9,NA,NA,2,1,2,9,203,NA,NA,NA,NA,NA,NA,NA,NA
"Ecuador","Tungurahua","EC180850","Pillaro","parroquia",2019,NA,2,19,NA,NA,3,NA,1,NA,97,4,NA,NA,NA,NA,NA,NA,NA
"Ecuador","Tungurahua","EC180850","Pillaro","parroquia",2020,NA,NA,5,NA,NA,NA,NA,NA,NA,47,NA,NA,NA,NA,NA,NA,NA,NA
"Ecuador","Zamora Chinchipe","EC190150","Zamora","parroquia",2015,28,NA,10,NA,1,8,12,15,7,148,4,NA,NA,NA,NA,NA,NA,NA
"Ecuador","Zamora Chinchipe","EC190150","Zamora","parroquia",2016,29,NA,10,NA,NA,3,3,11,4,134,9,NA,NA,NA,NA,NA,NA,NA
"Ecuador","Zamora Chinchipe","EC190150","Zamora","parroquia",2019,12,2,19,NA,NA,6,2,4,6,135,6,NA,NA,NA,1,NA,NA,NA
"Ecuador","Zamora Chinchipe","EC190150","Zamora","parroquia",2020,4,NA,7,NA,NA,3,2,2,3,78,1,NA,NA,NA,NA,NA,NA,NA
"Ecuador","Zamora Chinchipe","EC190250","Zumba","parroquia",2015,1,NA,4,NA,NA,NA,NA,3,NA,26,3,NA,NA,NA,NA,NA,NA,NA
"Ecuador","Zamora Chinchipe","EC190250","Zumba","parroquia",2016,NA,NA,3,NA,NA,2,2,4,1,26,2,NA,NA,NA,NA,NA,NA,NA
"Ecuador","Zamora Chinchipe","EC190250","Zumba","parroquia",2019,3,1,1,NA,NA,NA,NA,3,NA,46,3,NA,NA,NA,NA,NA,NA,NA
"Ecuador","Zamora Chinchipe","EC190250","Zumba","parroquia",2020,NA,1,1,1,NA,NA,NA,NA,2,29,2,NA,NA,NA,NA,NA,NA,NA
"Ecuador","Zamora Chinchipe","EC190550","Yantzaza (Yanzatza)","parroquia",2015,4,NA,NA,NA,NA,NA,1,2,1,36,1,NA,NA,NA,NA,NA,NA,NA
"Ecuador","Zamora Chinchipe","EC190550","Yantzaza (Yanzatza)","parroquia",2016,5,NA,9,1,NA,NA,1,4,2,49,4,NA,NA,NA,NA,NA,NA,NA
"Ecuador","Zamora Chinchipe","EC190550","Yantzaza (Yanzatza)","parroquia",2019,7,1,22,1,2,6,1,5,5,195,5,NA,NA,1,3,2,NA,NA
"Ecuador","Zamora Chinchipe","EC190550","Yantzaza (Yanzatza)","parroquia",2020,6,NA,9,1,NA,1,1,3,1,147,2,NA,NA,NA,2,2,NA,NA
"Ecuador",NA,"EC010101",NA,"parroquia",2019,NA,3,19,1,1,1,4,4,NA,81,10,NA,NA,NA,NA,NA,NA,NA
"Ecuador",NA,"EC010101",NA,"parroquia",2020,NA,1,6,NA,1,NA,1,3,NA,114,3,NA,NA,NA,NA,NA,NA,NA
"Ecuador",NA,"EC010103",NA,"parroquia",2019,15,NA,6,NA,1,2,10,4,1,157,1,NA,NA,NA,NA,NA,NA,NA
"Ecuador",NA,"EC010103",NA,"parroquia",2020,11,NA,2,NA,NA,1,1,3,1,61,2,NA,1,NA,NA,NA,NA,NA
"Ecuador",NA,"EC010105",NA,"parroquia",2019,NA,NA,8,NA,NA,NA,2,2,1,50,2,NA,NA,NA,NA,NA,NA,NA
"Ecuador",NA,"EC010105",NA,"parroquia",2020,NA,1,3,NA,NA,NA,NA,NA,NA,35,4,NA,NA,NA,NA,NA,NA,NA
"Ecuador",NA,"EC010106",NA,"parroquia",2019,6,NA,4,NA,NA,NA,1,1,NA,35,NA,NA,NA,NA,NA,NA,NA,NA
"Ecuador",NA,"EC010106",NA,"parroquia",2020,3,NA,3,1,NA,NA,1,1,1,28,NA,NA,NA,NA,NA,NA,NA,NA
"Ecuador",NA,"EC010107",NA,"parroquia",2015,40,15,67,9,NA,4,5,25,2,237,2,NA,4,NA,NA,NA,NA,NA
"Ecuador",NA,"EC010107",NA,"parroquia",2016,24,18,65,1,NA,6,9,23,2,328,6,NA,1,1,NA,NA,NA,NA
"Ecuador",NA,"EC010107",NA,"parroquia",2019,20,22,62,30,3,25,34,43,4,722,12,NA,1,1,NA,NA,NA,NA
"Ecuador",NA,"EC010107",NA,"parroquia",2020,6,11,41,7,1,11,11,9,2,494,1,NA,NA,NA,NA,NA,NA,NA
"Ecuador",NA,"EC010108",NA,"parroquia",2019,6,11,25,NA,1,9,4,12,NA,168,12,NA,2,1,NA,NA,NA,NA
"Ecuador",NA,"EC010108",NA,"parroquia",2020,1,41,7,2,2,2,4,5,NA,81,2,NA,5,NA,NA,NA,NA,NA
"Ecuador",NA,"EC010109",NA,"parroquia",2019,41,34,38,68,9,4,10,34,1,334,4,NA,NA,NA,NA,NA,NA,NA
"Ecuador",NA,"EC010109",NA,"parroquia",2020,5,26,24,40,2,NA,3,6,NA,233,NA,1,1,NA,NA,NA,NA,NA
"Ecuador",NA,"EC010110",NA,"parroquia",2019,NA,1,6,NA,1,2,2,NA,NA,25,2,NA,NA,NA,NA,NA,NA,NA
"Ecuador",NA,"EC010110",NA,"parroquia",2020,NA,1,4,NA,1,NA,2,NA,NA,14,NA,NA,NA,NA,NA,NA,NA,NA
"Ecuador",NA,"EC010111",NA,"parroquia",2019,2,44,19,3,1,2,4,1,NA,88,14,NA,NA,NA,NA,NA,NA,NA
"Ecuador",NA,"EC010111",NA,"parroquia",2020,6,7,8,2,NA,3,3,NA,1,46,7,NA,1,NA,NA,NA,NA,NA
"Ecuador",NA,"EC010112",NA,"parroquia",2019,10,88,18,10,18,27,25,5,2,255,3,1,NA,NA,NA,NA,NA,NA
"Ecuador",NA,"EC010112",NA,"parroquia",2020,1,96,14,5,25,8,12,2,4,120,4,NA,3,1,NA,NA,NA,NA
"Ecuador",NA,"EC010114",NA,"parroquia",2019,NA,1,1,NA,1,NA,NA,1,NA,29,NA,NA,NA,NA,NA,NA,NA,NA
"Ecuador",NA,"EC010114",NA,"parroquia",2020,NA,NA,3,NA,1,NA,NA,NA,3,24,NA,NA,NA,NA,NA,NA,NA,NA
"Ecuador",NA,"EC020102",NA,"parroquia",2019,2,2,73,NA,NA,64,10,8,6,119,5,NA,1,NA,NA,NA,NA,NA
"Ecuador",NA,"EC020102",NA,"parroquia",2020,1,1,21,2,NA,37,4,4,1,37,3,NA,NA,1,NA,NA,NA,NA
"Ecuador",NA,"EC030102",NA,"parroquia",2019,15,3,27,6,NA,14,9,1,1,326,9,NA,NA,2,NA,NA,NA,NA
"Ecuador",NA,"EC030102",NA,"parroquia",2020,9,2,8,11,NA,5,5,NA,1,231,2,NA,NA,NA,NA,NA,NA,NA
"Ecuador",NA,"EC040101",NA,"parroquia",2019,NA,NA,3,NA,NA,NA,NA,NA,NA,6,NA,NA,NA,NA,NA,NA,NA,NA
"Ecuador",NA,"EC040101",NA,"parroquia",2020,NA,1,1,NA,NA,NA,NA,1,NA,4,NA,NA,NA,NA,NA,NA,NA,NA
"Ecuador",NA,"EC040102",NA,"parroquia",2019,6,5,64,NA,NA,3,10,8,NA,396,3,NA,1,4,NA,NA,NA,NA
"Ecuador",NA,"EC040102",NA,"parroquia",2020,1,10,50,NA,NA,NA,3,2,2,192,1,NA,NA,NA,NA,NA,NA,NA
"Ecuador",NA,"EC050101",NA,"parroquia",2015,NA,NA,1,NA,NA,NA,NA,NA,NA,2,NA,NA,NA,NA,NA,NA,NA,NA
"Ecuador",NA,"EC050102",NA,"parroquia",2019,8,1,78,NA,1,3,17,9,9,177,5,NA,NA,NA,NA,NA,NA,NA
"Ecuador",NA,"EC050102",NA,"parroquia",2020,2,NA,31,2,1,5,3,2,1,86,NA,NA,NA,NA,NA,NA,NA,NA
"Ecuador",NA,"EC050103",NA,"parroquia",2015,NA,NA,1,NA,NA,NA,NA,NA,NA,9,NA,NA,NA,NA,NA,NA,NA,NA
"Ecuador",NA,"EC050103",NA,"parroquia",2016,NA,NA,NA,NA,NA,2,2,NA,NA,7,1,NA,NA,NA,NA,NA,NA,NA
"Ecuador",NA,"EC050103",NA,"parroquia",2019,NA,NA,1,NA,NA,NA,NA,NA,NA,16,NA,1,NA,NA,NA,NA,NA,NA
"Ecuador",NA,"EC050103",NA,"parroquia",2020,NA,1,2,NA,NA,NA,NA,NA,NA,10,NA,NA,NA,NA,NA,NA,NA,NA
"Ecuador",NA,"EC050104",NA,"parroquia",2015,5,11,141,8,2,18,31,16,14,285,18,NA,NA,NA,NA,NA,NA,NA
"Ecuador",NA,"EC050104",NA,"parroquia",2016,NA,1,NA,NA,NA,1,1,1,NA,10,1,NA,NA,NA,NA,NA,NA,NA
"Ecuador",NA,"EC050104",NA,"parroquia",2019,27,3,94,3,NA,12,35,16,12,151,14,NA,NA,1,NA,NA,NA,NA
"Ecuador",NA,"EC050104",NA,"parroquia",2020,10,6,40,1,1,5,9,5,7,161,3,NA,NA,3,NA,NA,NA,NA
"Ecuador",NA,"EC050202",NA,"parroquia",2019,NA,NA,NA,NA,NA,1,1,1,1,12,3,NA,NA,NA,NA,NA,NA,NA
"Ecuador",NA,"EC050202",NA,"parroquia",2020,NA,NA,NA,NA,NA,NA,NA,NA,NA,15,1,NA,NA,11,NA,NA,NA,NA
"Ecuador",NA,"EC060101",NA,"parroquia",2015,5,13,128,10,14,10,17,14,36,249,52,NA,NA,NA,NA,NA,NA,NA
"Ecuador",NA,"EC060101",NA,"parroquia",2016,NA,NA,NA,NA,NA,NA,NA,NA,NA,1,NA,NA,NA,NA,NA,NA,NA,NA
"Ecuador",NA,"EC060101",NA,"parroquia",2019,28,24,186,13,13,20,27,17,11,325,22,NA,NA,1,NA,NA,NA,NA
"Ecuador",NA,"EC060101",NA,"parroquia",2020,17,9,60,12,4,4,9,6,15,221,18,1,NA,NA,NA,NA,NA,NA
"Ecuador",NA,"EC060102",NA,"parroquia",2019,NA,NA,NA,NA,NA,1,1,NA,1,2,NA,NA,NA,NA,NA,NA,NA,NA
"Ecuador",NA,"EC060102",NA,"parroquia",2020,NA,NA,3,NA,NA,2,2,NA,1,4,1,NA,NA,NA,NA,NA,NA,NA
"Ecuador",NA,"EC060103",NA,"parroquia",2015,125,4,2,NA,3,16,24,18,12,378,4,NA,NA,NA,NA,NA,NA,NA
"Ecuador",NA,"EC060103",NA,"parroquia",2019,78,1,8,NA,1,11,4,24,7,388,6,1,NA,NA,NA,NA,NA,NA
"Ecuador",NA,"EC060103",NA,"parroquia",2020,22,1,7,3,NA,1,1,11,6,168,NA,NA,NA,NA,NA,NA,NA,NA
"Ecuador",NA,"EC060104",NA,"parroquia",2015,NA,2,99,7,2,9,5,6,11,407,3,NA,NA,NA,NA,NA,NA,NA
"Ecuador",NA,"EC060104",NA,"parroquia",2019,4,11,184,4,NA,38,15,28,11,458,1,NA,1,NA,NA,NA,NA,NA
"Ecuador",NA,"EC060104",NA,"parroquia",2020,1,8,60,9,1,14,8,3,9,233,NA,NA,NA,NA,NA,NA,NA,NA
"Ecuador",NA,"EC070101",NA,"parroquia",2019,2,60,3,9,4,4,5,3,1,42,5,NA,NA,NA,NA,NA,NA,NA
"Ecuador",NA,"EC070101",NA,"parroquia",2020,NA,49,NA,9,1,NA,NA,NA,NA,15,2,NA,NA,NA,NA,NA,NA,NA
"Ecuador",NA,"EC070102",NA,"parroquia",2019,30,46,27,98,2,31,31,35,9,705,31,NA,2,1,NA,NA,5,NA
"Ecuador",NA,"EC070102",NA,"parroquia",2020,13,21,11,55,NA,5,6,20,1,317,9,NA,1,NA,NA,NA,1,NA
"Ecuador",NA,"EC070103",NA,"parroquia",2019,NA,NA,NA,NA,NA,NA,5,1,2,5,NA,NA,NA,NA,NA,NA,NA,NA
"Ecuador",NA,"EC070103",NA,"parroquia",2020,NA,NA,NA,NA,NA,NA,NA,NA,NA,2,NA,NA,NA,NA,NA,NA,NA,NA
"Ecuador",NA,"EC070104",NA,"parroquia",2019,1,3,1,5,NA,2,2,1,2,65,1,NA,NA,NA,NA,NA,NA,NA
"Ecuador",NA,"EC070104",NA,"parroquia",2020,NA,4,1,5,NA,1,4,1,1,36,1,NA,NA,NA,NA,NA,NA,NA
"Ecuador",NA,"EC070701",NA,"parroquia",2019,NA,1,NA,NA,NA,1,1,6,1,23,NA,NA,NA,NA,NA,NA,NA,NA
"Ecuador",NA,"EC070701",NA,"parroquia",2020,NA,1,NA,NA,NA,1,NA,1,NA,4,NA,NA,NA,NA,NA,NA,NA,NA
"Ecuador",NA,"EC070903",NA,"parroquia",2019,1,NA,4,1,1,2,1,NA,NA,56,2,NA,NA,NA,NA,NA,NA,NA
"Ecuador",NA,"EC070903",NA,"parroquia",2020,NA,NA,5,NA,1,2,1,1,NA,19,NA,NA,NA,NA,NA,NA,NA,NA
"Ecuador",NA,"EC071001",NA,"parroquia",2019,1,12,5,2,NA,5,5,NA,NA,80,3,NA,NA,NA,NA,NA,1,NA
"Ecuador",NA,"EC071001",NA,"parroquia",2020,1,10,2,4,1,NA,NA,1,NA,16,NA,NA,NA,NA,NA,NA,2,NA
"Ecuador",NA,"EC071201",NA,"parroquia",2019,NA,NA,NA,NA,NA,NA,NA,1,NA,1,NA,NA,NA,NA,NA,NA,NA,NA
"Ecuador",NA,"EC071201",NA,"parroquia",2020,NA,NA,NA,NA,NA,NA,NA,NA,NA,1,NA,NA,NA,NA,NA,NA,NA,NA
"Ecuador",NA,"EC080101",NA,"parroquia",2019,NA,NA,NA,NA,NA,NA,1,NA,NA,3,2,NA,NA,NA,NA,NA,NA,NA
"Ecuador",NA,"EC080101",NA,"parroquia",2020,NA,NA,NA,NA,NA,NA,NA,NA,NA,2,1,NA,NA,NA,NA,NA,NA,NA
"Ecuador",NA,"EC080102",NA,"parroquia",2019,NA,15,7,7,2,78,81,9,NA,41,2,NA,NA,2,NA,NA,NA,NA
"Ecuador",NA,"EC080102",NA,"parroquia",2020,NA,10,3,12,1,NA,2,3,1,49,2,NA,NA,3,NA,NA,NA,NA
"Ecuador",NA,"EC080103",NA,"parroquia",2019,22,22,37,22,3,1,1,14,1,48,8,NA,NA,3,3,4,NA,NA
"Ecuador",NA,"EC080103",NA,"parroquia",2020,7,9,12,14,2,NA,3,8,2,65,5,NA,NA,6,NA,NA,NA,NA
"Ecuador",NA,"EC080104",NA,"parroquia",2019,NA,NA,1,NA,1,NA,NA,1,NA,NA,1,NA,NA,2,NA,NA,NA,NA
"Ecuador",NA,"EC080104",NA,"parroquia",2020,NA,NA,NA,NA,NA,NA,NA,NA,NA,1,NA,NA,NA,NA,NA,NA,NA,NA
"Ecuador",NA,"EC090101",NA,"parroquia",2015,220,NA,2,NA,3,27,30,121,30,804,94,NA,NA,NA,NA,NA,NA,NA
"Ecuador",NA,"EC090101",NA,"parroquia",2016,151,NA,1,2,1,24,48,73,16,921,59,NA,NA,NA,NA,NA,NA,1
"Ecuador",NA,"EC090101",NA,"parroquia",2019,195,2,2,2,1,25,46,53,8,688,50,NA,NA,4,NA,NA,1,1
"Ecuador",NA,"EC090101",NA,"parroquia",2020,48,4,1,7,1,5,22,18,1,314,8,NA,NA,2,NA,NA,NA,NA
"Ecuador",NA,"EC090102",NA,"parroquia",2019,NA,NA,NA,NA,NA,2,2,1,NA,2,1,NA,NA,NA,NA,NA,NA,NA
"Ecuador",NA,"EC090102",NA,"parroquia",2020,NA,NA,1,NA,NA,NA,1,1,1,8,NA,NA,NA,NA,NA,NA,NA,NA
"Ecuador",NA,"EC090103",NA,"parroquia",2015,NA,NA,NA,NA,NA,NA,NA,NA,NA,4,NA,NA,NA,NA,NA,NA,NA,NA
"Ecuador",NA,"EC090103",NA,"parroquia",2016,NA,NA,NA,1,NA,NA,2,NA,NA,NA,1,NA,NA,NA,NA,NA,NA,NA
"Ecuador",NA,"EC090103",NA,"parroquia",2019,2,211,12,36,31,2,20,7,36,44,51,1,NA,NA,NA,NA,NA,NA
"Ecuador",NA,"EC090103",NA,"parroquia",2020,NA,154,2,15,11,18,34,4,28,20,36,NA,1,NA,NA,NA,1,NA
"Ecuador",NA,"EC090104",NA,"parroquia",2015,NA,34,18,93,1,NA,NA,NA,NA,71,NA,NA,1,NA,NA,NA,1,NA
"Ecuador",NA,"EC090104",NA,"parroquia",2016,NA,65,14,79,3,2,2,3,NA,85,NA,NA,3,NA,NA,NA,2,NA
"Ecuador",NA,"EC090104",NA,"parroquia",2019,NA,49,16,29,4,1,2,10,NA,40,1,NA,3,NA,NA,NA,NA,NA
"Ecuador",NA,"EC090104",NA,"parroquia",2020,NA,26,9,37,NA,NA,NA,NA,NA,24,NA,NA,1,NA,NA,NA,1,NA
"Ecuador",NA,"EC090105",NA,"parroquia",2019,NA,4,NA,NA,NA,NA,NA,NA,NA,5,3,NA,NA,NA,NA,NA,NA,NA
"Ecuador",NA,"EC090105",NA,"parroquia",2020,NA,2,1,NA,1,NA,NA,NA,NA,2,NA,NA,NA,NA,NA,NA,NA,NA
"Ecuador",NA,"EC090107",NA,"parroquia",2020,NA,NA,NA,NA,NA,NA,NA,NA,1,NA,NA,NA,NA,NA,NA,NA,NA,NA
"Ecuador",NA,"EC090108",NA,"parroquia",2019,NA,NA,NA,2,NA,NA,NA,NA,NA,4,NA,NA,NA,NA,NA,NA,NA,NA
"Ecuador",NA,"EC090108",NA,"parroquia",2020,1,NA,NA,1,NA,NA,NA,NA,NA,NA,NA,NA,NA,NA,NA,NA,NA,NA
"Ecuador",NA,"EC090110",NA,"parroquia",2015,NA,NA,NA,NA,NA,NA,NA,NA,NA,4,NA,NA,NA,NA,NA,NA,NA,NA
"Ecuador",NA,"EC090110",NA,"parroquia",2019,NA,NA,NA,NA,NA,NA,NA,1,NA,NA,NA,NA,NA,NA,NA,NA,NA,NA
"Ecuador",NA,"EC090111",NA,"parroquia",2019,NA,60,3,5,1,NA,NA,NA,NA,13,NA,NA,1,NA,NA,NA,NA,NA
"Ecuador",NA,"EC090111",NA,"parroquia",2020,NA,28,NA,9,1,NA,1,2,NA,17,NA,NA,NA,NA,NA,NA,NA,NA
"Ecuador",NA,"EC090112",NA,"parroquia",2015,20,30,50,5,1,9,6,70,15,413,39,NA,4,NA,1,NA,NA,1
"Ecuador",NA,"EC090112",NA,"parroquia",2016,24,16,36,6,1,9,9,35,13,526,62,NA,10,NA,NA,NA,1,NA
"Ecuador",NA,"EC090112",NA,"parroquia",2019,146,468,113,368,78,209,509,224,22,2155,130,1,28,20,NA,NA,NA,1
"Ecuador",NA,"EC090112",NA,"parroquia",2020,44,325,39,187,29,135,227,62,15,1243,37,2,36,10,NA,NA,NA,2
"Ecuador",NA,"EC090113",NA,"parroquia",2019,NA,11,NA,NA,NA,NA,NA,NA,NA,NA,NA,NA,NA,NA,NA,NA,NA,NA
"Ecuador",NA,"EC090113",NA,"parroquia",2020,NA,5,NA,NA,NA,NA,NA,NA,NA,NA,NA,NA,NA,NA,NA,NA,NA,NA
"Ecuador",NA,"EC090114",NA,"parroquia",2015,54,NA,NA,NA,NA,23,9,9,4,256,4,NA,NA,NA,NA,NA,NA,NA
"Ecuador",NA,"EC090114",NA,"parroquia",2016,48,NA,2,NA,NA,24,5,15,NA,289,5,NA,NA,NA,NA,NA,NA,NA
"Ecuador",NA,"EC090114",NA,"parroquia",2019,17,121,69,128,50,99,121,105,10,1059,38,1,9,NA,NA,NA,1,NA
"Ecuador",NA,"EC090114",NA,"parroquia",2020,7,74,22,123,95,26,26,40,7,368,10,NA,15,1,NA,NA,1,NA
"Ecuador",NA,"EC090601",NA,"parroquia",2019,2,1,NA,NA,2,NA,1,NA,NA,52,2,NA,NA,NA,NA,NA,NA,NA
"Ecuador",NA,"EC090601",NA,"parroquia",2020,NA,4,NA,1,1,1,1,NA,NA,30,1,NA,NA,NA,NA,NA,NA,NA
"Ecuador",NA,"EC090603",NA,"parroquia",2019,NA,NA,NA,NA,NA,NA,NA,NA,NA,NA,1,NA,NA,NA,NA,NA,NA,NA
"Ecuador",NA,"EC090603",NA,"parroquia",2020,NA,NA,NA,NA,NA,NA,NA,NA,NA,NA,1,NA,NA,NA,NA,NA,NA,NA
"Ecuador",NA,"EC090701",NA,"parroquia",2019,NA,1,4,6,NA,NA,3,1,2,13,3,NA,NA,NA,NA,NA,NA,NA
"Ecuador",NA,"EC090701",NA,"parroquia",2020,NA,1,NA,2,NA,NA,3,NA,NA,3,NA,NA,NA,NA,NA,NA,NA,NA
"Ecuador",NA,"EC091602",NA,"parroquia",2019,NA,2,NA,1,6,2,7,3,2,23,4,NA,NA,NA,NA,NA,NA,NA
"Ecuador",NA,"EC091602",NA,"parroquia",2020,NA,5,1,NA,3,1,3,NA,1,23,1,NA,NA,NA,NA,NA,NA,NA
"Ecuador",NA,"EC100103",NA,"parroquia",2019,14,14,50,27,NA,17,14,13,9,393,1,1,NA,2,NA,NA,NA,NA
"Ecuador",NA,"EC100103",NA,"parroquia",2020,6,10,22,18,1,7,6,11,3,181,3,NA,1,NA,NA,NA,NA,NA
"Ecuador",NA,"EC100104",NA,"parroquia",2019,1,3,12,NA,NA,1,3,NA,3,45,2,NA,NA,NA,NA,NA,NA,NA
"Ecuador",NA,"EC100104",NA,"parroquia",2020,NA,3,10,2,NA,1,1,NA,NA,46,1,NA,NA,NA,NA,NA,NA,NA
"Ecuador",NA,"EC100202",NA,"parroquia",2019,NA,NA,2,NA,NA,NA,NA,NA,NA,3,NA,NA,NA,NA,NA,NA,NA,NA
"Ecuador",NA,"EC100202",NA,"parroquia",2020,NA,NA,1,NA,NA,NA,NA,NA,NA,23,NA,NA,NA,NA,NA,NA,NA,NA
"Ecuador",NA,"EC100401",NA,"parroquia",2019,24,1,58,NA,NA,6,2,7,1,245,NA,2,NA,3,NA,NA,NA,NA
"Ecuador",NA,"EC100401",NA,"parroquia",2020,4,1,16,2,NA,NA,NA,3,2,99,NA,NA,NA,NA,NA,NA,NA,NA
"Ecuador",NA,"EC110101",NA,"parroquia",2019,6,4,14,6,4,3,4,8,4,278,4,1,NA,NA,NA,NA,NA,NA
"Ecuador",NA,"EC110101",NA,"parroquia",2020,NA,8,4,2,1,2,5,9,2,97,3,NA,1,NA,NA,NA,NA,NA
"Ecuador",NA,"EC110102",NA,"parroquia",2019,NA,1,11,NA,5,5,5,1,1,105,3,3,1,NA,NA,NA,NA,NA
"Ecuador",NA,"EC110102",NA,"parroquia",2020,NA,5,4,NA,2,NA,NA,3,NA,65,NA,1,NA,NA,NA,NA,NA,NA
"Ecuador",NA,"EC110103",NA,"parroquia",2019,12,23,33,38,3,13,11,27,16,216,9,NA,2,1,3,NA,NA,NA
"Ecuador",NA,"EC110103",NA,"parroquia",2020,3,13,8,16,NA,4,5,14,6,156,NA,NA,1,NA,NA,NA,NA,NA
"Ecuador",NA,"EC110104",NA,"parroquia",2019,10,10,64,44,4,8,23,7,15,361,15,NA,1,NA,NA,NA,1,NA
"Ecuador",NA,"EC110104",NA,"parroquia",2020,3,8,28,21,4,2,6,4,5,136,4,NA,NA,NA,NA,NA,NA,NA
"Ecuador",NA,"EC110201",NA,"parroquia",2019,NA,NA,NA,NA,NA,NA,NA,NA,NA,14,NA,NA,NA,NA,NA,NA,NA,NA
"Ecuador",NA,"EC110201",NA,"parroquia",2020,NA,4,NA,NA,NA,1,1,NA,NA,11,NA,NA,NA,NA,NA,NA,NA,NA
"Ecuador",NA,"EC120101",NA,"parroquia",2019,36,NA,5,3,NA,10,8,12,4,28,2,NA,2,NA,NA,NA,NA,NA
"Ecuador",NA,"EC120101",NA,"parroquia",2020,6,8,8,14,1,4,5,17,3,95,2,NA,NA,NA,NA,NA,NA,NA
"Ecuador",NA,"EC120102",NA,"parroquia",2019,8,21,13,21,1,6,8,9,7,297,9,NA,NA,NA,NA,NA,NA,NA
"Ecuador",NA,"EC120102",NA,"parroquia",2020,1,8,4,19,NA,2,3,2,2,100,5,NA,NA,1,NA,NA,NA,NA
"Ecuador",NA,"EC120501",NA,"parroquia",2019,NA,2,3,2,NA,7,9,2,NA,9,3,NA,NA,NA,NA,NA,NA,NA
"Ecuador",NA,"EC120501",NA,"parroquia",2020,NA,1,NA,1,NA,1,4,2,2,6,5,NA,NA,NA,NA,NA,NA,NA
"Ecuador",NA,"EC120506",NA,"parroquia",2019,NA,NA,NA,NA,NA,NA,NA,NA,NA,10,4,NA,NA,NA,NA,NA,NA,NA
"Ecuador",NA,"EC120506",NA,"parroquia",2020,NA,NA,NA,NA,NA,NA,NA,NA,NA,1,NA,NA,NA,NA,NA,NA,NA,NA
"Ecuador",NA,"EC120507",NA,"parroquia",2019,48,41,28,7,4,2,2,11,1,156,4,NA,1,1,NA,NA,NA,NA
"Ecuador",NA,"EC120507",NA,"parroquia",2020,22,21,13,2,3,1,2,4,4,96,3,NA,NA,NA,NA,NA,NA,NA
"Ecuador",NA,"EC120508",NA,"parroquia",2019,NA,6,15,44,NA,11,10,4,2,136,3,NA,NA,NA,NA,NA,NA,NA
"Ecuador",NA,"EC120508",NA,"parroquia",2020,NA,1,5,20,2,NA,NA,9,NA,59,1,NA,NA,4,NA,NA,NA,NA
"Ecuador",NA,"EC120802",NA,"parroquia",2019,NA,NA,1,NA,NA,NA,NA,1,NA,1,NA,NA,NA,NA,NA,NA,NA,NA
"Ecuador",NA,"EC120802",NA,"parroquia",2020,NA,1,NA,NA,NA,NA,NA,NA,NA,3,NA,NA,NA,NA,NA,NA,NA,NA
"Ecuador",NA,"EC130101",NA,"parroquia",2019,13,3,31,11,NA,4,11,41,NA,193,7,NA,NA,NA,NA,NA,NA,NA
"Ecuador",NA,"EC130101",NA,"parroquia",2020,2,5,17,4,NA,5,18,21,5,64,13,NA,NA,NA,NA,NA,NA,NA
"Ecuador",NA,"EC130102",NA,"parroquia",2019,NA,2,2,1,NA,NA,NA,NA,NA,19,1,NA,NA,NA,NA,NA,NA,NA
"Ecuador",NA,"EC130102",NA,"parroquia",2020,NA,1,4,1,NA,NA,NA,1,NA,24,1,NA,NA,NA,NA,NA,NA,NA
"Ecuador",NA,"EC130106",NA,"parroquia",2019,7,6,23,2,5,4,7,13,NA,68,1,NA,4,NA,NA,NA,NA,NA
"Ecuador",NA,"EC130106",NA,"parroquia",2020,4,6,4,1,2,1,2,16,NA,65,NA,NA,NA,NA,NA,NA,NA,NA
"Ecuador",NA,"EC130107",NA,"parroquia",2019,96,7,39,1,2,3,7,38,NA,313,4,NA,2,NA,NA,NA,NA,NA
"Ecuador",NA,"EC130107",NA,"parroquia",2020,16,16,9,1,1,1,NA,8,NA,103,NA,NA,1,NA,NA,NA,NA,NA
"Ecuador",NA,"EC130108",NA,"parroquia",2019,6,11,2,NA,NA,7,8,5,1,11,5,NA,NA,NA,NA,NA,NA,NA
"Ecuador",NA,"EC130108",NA,"parroquia",2020,2,39,NA,1,NA,NA,2,2,NA,13,2,NA,NA,NA,NA,NA,NA,NA
"Ecuador",NA,"EC130301",NA,"parroquia",2019,47,13,28,30,3,2,6,27,2,142,7,NA,NA,NA,NA,NA,NA,NA
"Ecuador",NA,"EC130301",NA,"parroquia",2020,31,3,8,17,2,3,3,7,NA,56,4,NA,NA,NA,NA,NA,NA,NA
"Ecuador",NA,"EC130401",NA,"parroquia",2019,1,1,4,NA,NA,NA,1,NA,4,13,NA,NA,NA,1,NA,NA,NA,NA
"Ecuador",NA,"EC130401",NA,"parroquia",2020,NA,1,6,2,NA,1,NA,2,5,75,NA,NA,NA,1,NA,NA,NA,NA
"Ecuador",NA,"EC130602",NA,"parroquia",2019,1,3,13,4,NA,9,3,6,1,147,1,NA,NA,NA,NA,NA,NA,NA
"Ecuador",NA,"EC130602",NA,"parroquia",2020,NA,NA,3,4,NA,1,1,2,NA,58,1,NA,NA,NA,NA,NA,NA,NA
"Ecuador",NA,"EC130801",NA,"parroquia",2016,NA,1,NA,4,NA,NA,NA,3,NA,10,NA,NA,NA,NA,NA,NA,NA,NA
"Ecuador",NA,"EC130802",NA,"parroquia",2019,180,169,104,94,24,13,55,74,6,880,22,NA,NA,2,2,2,NA,NA
"Ecuador",NA,"EC130802",NA,"parroquia",2020,21,172,32,55,15,8,18,35,4,162,6,NA,1,NA,NA,NA,NA,NA
"Ecuador",NA,"EC130803",NA,"parroquia",2019,NA,NA,NA,NA,NA,2,1,4,2,2,NA,NA,NA,NA,NA,NA,NA,NA
"Ecuador",NA,"EC130803",NA,"parroquia",2020,NA,NA,NA,NA,1,2,2,NA,NA,3,NA,NA,NA,NA,NA,NA,NA,NA
"Ecuador",NA,"EC130804",NA,"parroquia",2019,NA,NA,NA,NA,NA,NA,NA,NA,NA,1,NA,NA,NA,NA,NA,NA,NA,NA
"Ecuador",NA,"EC131401",NA,"parroquia",2019,7,1,10,NA,2,4,12,9,8,100,6,NA,NA,NA,NA,NA,NA,NA
"Ecuador",NA,"EC131401",NA,"parroquia",2020,1,1,2,1,NA,3,4,9,1,40,2,NA,NA,NA,NA,NA,NA,NA
"Ecuador",NA,"EC131402",NA,"parroquia",2015,NA,NA,NA,NA,NA,NA,NA,NA,NA,2,NA,NA,NA,NA,NA,NA,NA,NA
"Ecuador",NA,"EC131402",NA,"parroquia",2016,NA,NA,NA,NA,NA,NA,NA,NA,NA,3,NA,NA,NA,NA,NA,NA,NA,NA
"Ecuador",NA,"EC140201",NA,"parroquia",2019,NA,2,31,1,NA,2,NA,1,NA,133,NA,NA,NA,1,NA,NA,NA,NA
"Ecuador",NA,"EC140201",NA,"parroquia",2020,NA,1,10,NA,NA,NA,2,2,NA,132,NA,NA,NA,NA,NA,NA,NA,NA
"Ecuador",NA,"EC170101",NA,"parroquia",2016,6,18,20,6,4,2,8,12,NA,110,1,NA,NA,NA,NA,NA,NA,NA
"Ecuador",NA,"EC170101",NA,"parroquia",2019,73,64,48,41,27,34,53,14,12,511,16,2,2,1,NA,NA,NA,NA
"Ecuador",NA,"EC170101",NA,"parroquia",2020,36,74,29,24,20,14,20,9,3,256,7,2,1,NA,NA,NA,NA,NA
"Ecuador",NA,"EC170102",NA,"parroquia",2019,30,3,62,7,1,8,22,22,NA,208,10,NA,5,NA,NA,NA,NA,NA
"Ecuador",NA,"EC170102",NA,"parroquia",2020,14,2,30,6,NA,1,30,9,NA,103,1,2,5,NA,NA,NA,NA,1
"Ecuador",NA,"EC170103",NA,"parroquia",2019,NA,16,7,2,1,NA,NA,NA,NA,11,NA,NA,NA,NA,NA,NA,NA,NA
"Ecuador",NA,"EC170103",NA,"parroquia",2020,NA,55,1,15,NA,1,NA,1,NA,14,NA,NA,NA,NA,NA,NA,NA,NA
"Ecuador",NA,"EC170106",NA,"parroquia",2015,NA,7,31,1,NA,NA,NA,23,NA,125,NA,NA,1,NA,NA,NA,NA,NA
"Ecuador",NA,"EC170106",NA,"parroquia",2016,8,6,106,8,1,3,3,24,1,309,2,NA,1,1,4,NA,NA,NA
"Ecuador",NA,"EC170106",NA,"parroquia",2019,23,4,79,14,1,13,14,29,3,394,11,NA,NA,2,7,2,NA,NA
"Ecuador",NA,"EC170106",NA,"parroquia",2020,8,1,28,17,NA,1,3,3,6,175,6,NA,2,1,NA,NA,NA,NA
"Ecuador",NA,"EC170107",NA,"parroquia",2015,7,14,76,NA,NA,1,8,11,2,62,NA,NA,1,NA,NA,NA,1,NA
"Ecuador",NA,"EC170107",NA,"parroquia",2016,12,9,42,1,NA,8,7,12,1,164,1,NA,NA,1,NA,NA,1,NA
"Ecuador",NA,"EC170107",NA,"parroquia",2019,22,7,38,NA,2,3,17,18,1,110,NA,NA,6,1,1,NA,NA,NA
"Ecuador",NA,"EC170107",NA,"parroquia",2020,16,2,8,NA,NA,3,2,5,NA,58,NA,NA,3,NA,NA,NA,NA,NA
"Ecuador",NA,"EC170109",NA,"parroquia",2019,1,NA,NA,NA,NA,1,2,NA,NA,36,NA,NA,NA,NA,NA,NA,NA,NA
"Ecuador",NA,"EC170110",NA,"parroquia",2019,NA,2,NA,NA,1,NA,NA,NA,NA,2,NA,NA,NA,NA,NA,NA,NA,NA
"Ecuador",NA,"EC170110",NA,"parroquia",2020,NA,10,4,5,NA,NA,NA,NA,NA,10,NA,NA,NA,NA,NA,NA,NA,NA
"Ecuador",NA,"EC170111",NA,"parroquia",2016,NA,1,NA,NA,NA,NA,NA,NA,NA,NA,NA,NA,NA,NA,NA,NA,NA,NA
"Ecuador",NA,"EC170111",NA,"parroquia",2019,11,NA,NA,NA,NA,4,6,NA,NA,111,NA,NA,NA,NA,NA,NA,NA,NA
"Ecuador",NA,"EC170111",NA,"parroquia",2020,3,NA,1,NA,NA,2,6,1,1,59,NA,NA,NA,NA,NA,NA,NA,NA
"Ecuador",NA,"EC170112",NA,"parroquia",2019,2,7,48,16,11,12,37,7,12,155,12,1,NA,NA,NA,NA,NA,NA
"Ecuador",NA,"EC170112",NA,"parroquia",2020,3,14,31,13,3,4,8,3,2,77,8,NA,1,NA,NA,NA,NA,NA
"Ecuador",NA,"EC170113",NA,"parroquia",2015,NA,71,39,2,3,1,1,19,2,105,4,NA,51,1,NA,NA,NA,NA
"Ecuador",NA,"EC170113",NA,"parroquia",2016,10,75,57,11,8,21,52,51,33,587,27,NA,35,2,2,NA,NA,NA
"Ecuador",NA,"EC170113",NA,"parroquia",2019,12,111,77,43,4,37,68,33,32,604,15,1,30,9,11,8,NA,NA
"Ecuador",NA,"EC170113",NA,"parroquia",2020,3,102,23,54,6,44,48,12,4,263,9,NA,27,4,2,NA,NA,NA
"Ecuador",NA,"EC170114",NA,"parroquia",2019,2,NA,1,NA,NA,2,2,NA,NA,20,2,NA,NA,NA,NA,NA,NA,NA
"Ecuador",NA,"EC170114",NA,"parroquia",2020,7,2,1,NA,NA,2,1,1,1,6,NA,NA,NA,NA,NA,NA,NA,NA
"Ecuador",NA,"EC170115",NA,"parroquia",2019,NA,1,2,1,NA,NA,1,1,NA,11,NA,NA,NA,NA,NA,NA,NA,NA
"Ecuador",NA,"EC170115",NA,"parroquia",2020,NA,NA,8,3,NA,NA,1,NA,NA,8,NA,NA,NA,NA,NA,NA,NA,NA
"Ecuador",NA,"EC170117",NA,"parroquia",2019,NA,3,3,NA,2,2,2,NA,1,19,1,NA,NA,NA,NA,NA,NA,NA
"Ecuador",NA,"EC170117",NA,"parroquia",2020,1,3,NA,3,1,1,3,1,NA,11,3,NA,1,NA,NA,NA,NA,NA
"Ecuador",NA,"EC170121",NA,"parroquia",2019,NA,3,NA,NA,NA,4,5,NA,2,16,NA,NA,NA,NA,NA,NA,NA,NA
"Ecuador",NA,"EC170121",NA,"parroquia",2020,NA,5,NA,2,NA,NA,NA,NA,1,15,1,NA,NA,NA,NA,NA,NA,NA
"Ecuador",NA,"EC170123",NA,"parroquia",2015,63,NA,4,NA,1,87,110,85,12,835,2,NA,NA,1,7,NA,NA,NA
"Ecuador",NA,"EC170123",NA,"parroquia",2016,103,NA,11,NA,NA,42,56,49,4,1154,5,1,NA,NA,NA,NA,NA,NA
"Ecuador",NA,"EC170123",NA,"parroquia",2019,47,7,7,3,2,26,34,2,5,673,6,4,2,2,2,2,NA,NA
"Ecuador",NA,"EC170123",NA,"parroquia",2020,20,8,7,1,NA,9,16,8,1,555,2,NA,NA,NA,NA,NA,NA,NA
"Ecuador",NA,"EC170124",NA,"parroquia",2019,NA,NA,2,1,NA,NA,NA,NA,NA,28,NA,NA,NA,NA,NA,NA,NA,NA
"Ecuador",NA,"EC170124",NA,"parroquia",2020,NA,3,3,5,NA,NA,NA,NA,NA,21,NA,NA,NA,NA,NA,NA,NA,NA
"Ecuador",NA,"EC170126",NA,"parroquia",2016,15,2,27,2,NA,2,5,14,NA,76,1,NA,NA,NA,NA,NA,NA,NA
"Ecuador",NA,"EC170126",NA,"parroquia",2019,8,9,34,3,NA,3,5,1,NA,63,NA,NA,NA,NA,NA,NA,NA,NA
"Ecuador",NA,"EC170126",NA,"parroquia",2020,1,7,11,4,1,1,NA,1,NA,53,NA,NA,NA,NA,NA,NA,NA,NA
"Ecuador",NA,"EC170127",NA,"parroquia",2019,24,87,58,34,11,77,124,22,29,554,47,1,6,NA,NA,NA,NA,NA
"Ecuador",NA,"EC170127",NA,"parroquia",2020,16,78,27,27,8,12,65,12,28,270,27,2,5,NA,1,NA,NA,NA
"Ecuador",NA,"EC170128",NA,"parroquia",2019,83,36,146,63,1,36,51,93,4,1288,15,1,1,1,NA,NA,NA,NA
"Ecuador",NA,"EC170128",NA,"parroquia",2020,43,16,58,26,NA,6,12,40,2,704,4,NA,NA,1,NA,NA,NA,NA
"Ecuador",NA,"EC170129",NA,"parroquia",2019,1,1,9,NA,2,3,7,NA,2,174,NA,1,1,NA,NA,NA,NA,NA
"Ecuador",NA,"EC170129",NA,"parroquia",2020,3,1,NA,1,1,1,3,NA,1,104,1,NA,NA,NA,NA,NA,NA,NA
"Ecuador",NA,"EC170130",NA,"parroquia",2016,7,285,144,162,4,4,5,42,NA,309,3,2,10,1,NA,NA,NA,NA
"Ecuador",NA,"EC170130",NA,"parroquia",2019,5,251,110,161,3,5,14,18,NA,222,NA,3,101,1,1,NA,NA,NA
"Ecuador",NA,"EC170130",NA,"parroquia",2020,2,107,54,118,5,3,10,12,NA,156,2,5,40,NA,NA,NA,NA,NA
"Ecuador",NA,"EC170131",NA,"parroquia",2019,1,NA,NA,1,NA,NA,NA,NA,2,9,NA,NA,NA,NA,NA,NA,NA,NA
"Ecuador",NA,"EC170131",NA,"parroquia",2020,NA,NA,NA,NA,NA,NA,NA,NA,NA,9,NA,NA,NA,NA,NA,NA,NA,NA
"Ecuador",NA,"EC170202",NA,"parroquia",2016,1,NA,2,NA,NA,NA,NA,NA,NA,236,NA,NA,NA,NA,NA,NA,NA,NA
"Ecuador",NA,"EC170202",NA,"parroquia",2019,1,NA,3,NA,NA,NA,NA,1,NA,232,2,NA,NA,NA,NA,NA,NA,NA
"Ecuador",NA,"EC170202",NA,"parroquia",2020,1,NA,NA,NA,NA,NA,NA,2,NA,111,1,NA,NA,NA,NA,NA,NA,NA
"Ecuador",NA,"EC170501",NA,"parroquia",2019,NA,3,5,NA,1,1,3,1,1,32,1,NA,NA,NA,NA,NA,NA,NA
"Ecuador",NA,"EC170501",NA,"parroquia",2020,1,2,NA,2,NA,NA,2,NA,NA,31,NA,NA,NA,NA,NA,NA,NA,NA
"Ecuador",NA,"EC180101",NA,"parroquia",2015,6,28,117,7,13,28,41,37,15,330,32,1,NA,1,NA,NA,NA,NA
"Ecuador",NA,"EC180101",NA,"parroquia",2019,21,23,227,32,5,35,164,23,3,585,15,NA,1,1,NA,NA,NA,NA
"Ecuador",NA,"EC180101",NA,"parroquia",2020,10,13,98,23,2,11,64,17,2,359,9,NA,NA,1,1,NA,NA,NA
"Ecuador",NA,"EC180102",NA,"parroquia",2015,3,1,2,NA,NA,7,4,3,2,15,3,NA,NA,NA,NA,NA,NA,NA
"Ecuador",NA,"EC180102",NA,"parroquia",2019,5,2,16,2,4,10,9,5,2,121,9,NA,NA,NA,NA,NA,NA,NA
"Ecuador",NA,"EC180102",NA,"parroquia",2020,4,15,13,NA,5,1,3,2,NA,40,NA,NA,NA,NA,NA,NA,NA,NA
"Ecuador",NA,"EC180103",NA,"parroquia",2019,NA,NA,NA,NA,NA,2,NA,NA,NA,3,NA,NA,NA,NA,NA,NA,NA,NA
"Ecuador",NA,"EC180103",NA,"parroquia",2020,NA,NA,NA,NA,NA,NA,NA,NA,NA,2,NA,NA,NA,NA,NA,NA,NA,NA
"Ecuador",NA,"EC180104",NA,"parroquia",2015,NA,NA,5,NA,NA,1,1,NA,1,12,NA,NA,NA,NA,NA,NA,NA,NA
"Ecuador",NA,"EC180104",NA,"parroquia",2019,NA,3,4,NA,NA,NA,NA,NA,NA,15,2,NA,NA,NA,NA,NA,NA,NA
"Ecuador",NA,"EC180104",NA,"parroquia",2020,NA,NA,2,NA,NA,1,1,NA,1,8,1,NA,NA,NA,NA,NA,NA,NA
"Ecuador",NA,"EC180105",NA,"parroquia",2015,1,10,62,5,2,12,13,23,8,692,3,NA,NA,NA,1,NA,NA,NA
"Ecuador",NA,"EC180105",NA,"parroquia",2016,NA,16,145,7,2,9,10,18,8,512,5,NA,3,NA,NA,NA,NA,NA
"Ecuador",NA,"EC180105",NA,"parroquia",2019,3,6,89,9,5,35,39,20,28,227,25,NA,1,NA,NA,NA,1,NA
"Ecuador",NA,"EC180105",NA,"parroquia",2020,3,11,29,10,2,11,12,8,8,143,8,NA,NA,NA,NA,NA,NA,NA
"Ecuador",NA,"EC180107",NA,"parroquia",2015,2,4,16,2,2,8,7,3,2,89,25,NA,NA,NA,NA,NA,NA,NA
"Ecuador",NA,"EC180107",NA,"parroquia",2019,NA,NA,3,NA,NA,NA,NA,NA,1,51,5,NA,NA,NA,NA,NA,NA,NA
"Ecuador",NA,"EC180107",NA,"parroquia",2020,NA,NA,5,NA,2,NA,NA,NA,1,21,4,NA,NA,NA,NA,NA,NA,NA
"Ecuador",NA,"EC180109",NA,"parroquia",2015,NA,NA,NA,NA,NA,1,1,1,1,9,NA,NA,NA,NA,NA,NA,NA,NA
"Ecuador",NA,"EC180109",NA,"parroquia",2019,NA,1,1,NA,NA,5,5,1,NA,59,2,NA,NA,NA,NA,NA,NA,NA
"Ecuador",NA,"EC180109",NA,"parroquia",2020,1,1,1,NA,1,3,3,NA,NA,32,NA,NA,NA,NA,NA,NA,NA,NA
"Ecuador",NA,"EC180701",NA,"parroquia",2019,2,NA,16,NA,NA,7,4,3,1,50,3,NA,NA,NA,NA,NA,NA,NA
"Ecuador",NA,"EC180701",NA,"parroquia",2020,2,1,5,NA,NA,2,1,1,1,26,2,NA,NA,NA,NA,NA,NA,NA
"Ecuador",NA,"EC230101",NA,"parroquia",2019,NA,3,5,5,2,6,5,1,NA,24,NA,NA,NA,1,NA,NA,NA,NA
"Ecuador",NA,"EC230101",NA,"parroquia",2020,NA,NA,5,7,1,5,5,NA,NA,6,NA,NA,NA,NA,NA,NA,NA,NA
"Ecuador",NA,"EC230102",NA,"parroquia",2015,30,15,75,21,1,5,8,4,2,96,2,NA,NA,NA,NA,NA,NA,NA
"Ecuador",NA,"EC230102",NA,"parroquia",2016,13,10,63,23,1,3,14,17,NA,122,1,NA,NA,NA,NA,NA,1,NA
"Ecuador",NA,"EC230102",NA,"parroquia",2019,30,11,100,4,NA,14,23,17,3,112,7,NA,2,NA,NA,NA,NA,NA
"Ecuador",NA,"EC230102",NA,"parroquia",2020,21,2,25,8,2,9,14,13,4,36,2,NA,1,NA,NA,NA,1,NA
"Ecuador",NA,"EC230104",NA,"parroquia",2019,4,1,4,1,NA,1,2,1,NA,2,4,NA,NA,NA,NA,NA,NA,NA
"Ecuador",NA,"EC230104",NA,"parroquia",2020,NA,1,2,7,NA,NA,1,1,NA,1,NA,NA,NA,NA,NA,NA,NA,NA
"Ecuador",NA,"EC230105",NA,"parroquia",2019,1,NA,NA,NA,NA,NA,NA,NA,NA,6,NA,NA,NA,NA,NA,NA,NA,NA
"Ecuador",NA,"EC230105",NA,"parroquia",2020,2,NA,NA,NA,NA,NA,NA,1,1,16,NA,NA,NA,NA,NA,NA,NA,NA
"Ecuador",NA,"EC230106",NA,"parroquia",2019,1,2,17,5,1,5,7,2,3,82,16,NA,NA,NA,NA,NA,NA,NA
"Ecuador",NA,"EC230106",NA,"parroquia",2020,NA,4,13,2,NA,8,7,NA,1,37,6,1,NA,NA,NA,NA,NA,NA
"Ecuador",NA,"EC230107",NA,"parroquia",2015,NA,NA,NA,NA,NA,NA,NA,NA,NA,1,NA,NA,NA,NA,NA,NA,NA,NA
"Ecuador",NA,"EC230107",NA,"parroquia",2016,NA,NA,NA,NA,NA,1,1,NA,NA,NA,NA,NA,NA,NA,NA,NA,NA,NA
"Ecuador",NA,"EC230107",NA,"parroquia",2019,50,27,129,44,24,18,35,26,4,296,21,NA,3,14,NA,NA,NA,NA
"Ecuador",NA,"EC230107",NA,"parroquia",2020,15,35,69,50,9,10,32,27,18,152,12,NA,1,2,NA,NA,NA,NA
"Ecuador",NA,"EC230250",NA,"parroquia",2015,NA,1,NA,NA,NA,NA,NA,1,NA,3,1,NA,NA,NA,NA,NA,NA,NA
"Ecuador",NA,"EC230250",NA,"parroquia",2016,NA,NA,NA,NA,NA,NA,NA,1,NA,1,NA,NA,NA,NA,NA,NA,NA,NA
"Ecuador",NA,"EC230250",NA,"parroquia",2019,NA,NA,NA,NA,NA,NA,NA,NA,NA,3,NA,NA,NA,NA,NA,NA,NA,NA
"Ecuador",NA,"EC230250",NA,"parroquia",2020,NA,NA,2,NA,NA,NA,NA,NA,NA,NA,NA,NA,NA,NA,NA,NA,NA,NA
"Ecuador",NA,"EC240102",NA,"parroquia",2019,56,11,15,40,5,18,27,55,9,38,10,NA,1,3,NA,NA,2,NA
"Ecuador",NA,"EC240102",NA,"parroquia",2020,11,2,4,11,1,3,7,9,2,16,1,NA,1,4,NA,NA,NA,NA
"Ecuador",NA,"EC240303",NA,"parroquia",2019,2,1,NA,NA,NA,1,5,2,1,66,NA,NA,NA,NA,NA,NA,NA,NA
"Ecuador",NA,"EC240303",NA,"parroquia",2020,NA,1,1,5,NA,NA,1,NA,NA,15,NA,NA,2,NA,NA,NA,NA,NA
