"country","department","COD","municipality","scale","year","bronchial_emphysema","myocardial","cerebral_infarction","chagas","conduct_cardiac","conjunctivitis","laryngitis","cutaneous_leishmaniasis","malaria","hantavirus","rickettsia","neoplasm_respiratory","acute_resp","chronic_resp","pharyngitis","pneumonia","pulmonary_embolism","tonsillitis"
"Guiana FR",NA,"GUF.2.1_1","Apatou","municipality",2006,0,0,1,0,3,47,6,2,19,0,0,0,277,0,3,1,0,56
"Guiana FR",NA,"GUF.2.1_1","Apatou","municipality",2007,0,3,1,0,2,80,10,2,9,0,0,0,614,0,17,3,0,111
"Guiana FR",NA,"GUF.2.1_1","Apatou","municipality",2008,0,0,1,0,1,147,16,2,10,0,0,0,621,1,19,7,0,210
"Guiana FR",NA,"GUF.2.1_1","Apatou","municipality",2009,0,0,1,0,1,105,11,4,2,0,0,0,790,0,13,3,0,193
"Guiana FR",NA,"GUF.2.1_1","Apatou","municipality",2010,0,1,2,0,5,70,4,3,1,0,0,1,761,0,91,16,0,174
"Guiana FR",NA,"GUF.2.1_1","Apatou","municipality",2011,0,0,2,0,3,89,16,2,1,0,0,0,589,0,97,14,0,148
"Guiana FR",NA,"GUF.2.1_1","Apatou","municipality",2012,0,0,0,0,4,100,3,4,2,0,0,0,797,0,23,4,1,153
"Guiana FR",NA,"GUF.2.1_1","Apatou","municipality",2013,0,0,5,0,6,67,9,2,3,0,0,0,985,0,47,25,0,144
"Guiana FR",NA,"GUF.2.1_1","Apatou","municipality",2014,0,0,5,0,3,51,11,16,1,0,0,0,948,0,69,19,0,149
"Guiana FR",NA,"GUF.2.1_1","Apatou","municipality",2015,0,1,3,0,2,62,16,2,0,0,0,0,660,0,64,12,0,71
"Guiana FR",NA,"GUF.2.1_1","Apatou","municipality",2016,0,1,4,0,2,89,5,12,1,0,0,0,804,0,21,20,0,125
"Guiana FR",NA,"GUF.2.1_1","Apatou","municipality",2017,0,0,0,0,0,0,0,0,1,0,0,0,0,0,0,0,0,0
"Guiana FR",NA,"GUF.2.1_1","Apatou","municipality",2018,0,0,5,0,1,51,1,9,0,0,0,0,523,1,20,10,1,83
"Guiana FR",NA,"GUF.2.1_1","Apatou","municipality",2019,0,1,6,0,3,75,21,4,0,0,0,0,710,0,32,24,0,77
"Guiana FR",NA,"GUF.2.1_1","Apatou","municipality",2020,0,0,8,0,2,47,12,9,0,0,0,0,391,0,16,19,1,90
"Guiana FR",NA,"GUF.2.1_1","Apatou","municipality",2021,0,0,4,0,1,61,29,2,1,0,0,0,395,0,28,18,0,51
"Guiana FR",NA,"GUF.2.1_1","Apatou","municipality",2022,0,0,7,0,0,71,49,1,0,0,0,0,591,0,30,16,0,49
"Guiana FR",NA,"GUF.2.1_1","Apatou","municipality",2023,0,2,8,0,0,94,40,1,0,0,0,0,620,0,39,35,1,50
"Guiana FR",NA,"GUF.2.2_1","Awala","municipality",2006,0,0,0,0,0,19,3,1,0,0,0,0,63,0,1,3,0,14
"Guiana FR",NA,"GUF.2.2_1","Awala","municipality",2007,0,0,0,0,1,12,0,0,1,0,0,0,25,0,0,0,0,10
"Guiana FR",NA,"GUF.2.2_1","Awala","municipality",2008,0,0,1,0,0,29,0,0,1,0,0,0,43,0,3,2,0,5
"Guiana FR",NA,"GUF.2.2_1","Awala","municipality",2009,0,0,0,0,0,15,0,0,1,0,0,0,42,0,1,1,0,7
"Guiana FR",NA,"GUF.2.2_1","Awala","municipality",2010,0,0,0,0,0,8,0,0,0,0,0,0,42,0,4,0,0,6
"Guiana FR",NA,"GUF.2.2_1","Awala","municipality",2011,0,0,0,0,1,7,3,0,1,0,0,0,46,0,8,0,0,10
"Guiana FR",NA,"GUF.2.2_1","Awala","municipality",2012,0,0,0,0,3,24,1,0,0,0,0,0,114,0,29,5,0,6
"Guiana FR",NA,"GUF.2.2_1","Awala","municipality",2013,0,0,0,0,2,23,1,0,0,0,0,0,137,0,38,8,0,7
"Guiana FR",NA,"GUF.2.2_1","Awala","municipality",2014,0,0,0,0,0,35,1,0,0,0,0,0,168,0,98,3,0,9
"Guiana FR",NA,"GUF.2.2_1","Awala","municipality",2015,0,0,0,0,1,26,1,0,1,0,0,0,112,0,44,0,0,13
"Guiana FR",NA,"GUF.2.2_1","Awala","municipality",2016,0,0,0,0,1,30,18,0,1,0,0,0,126,0,3,2,0,12
"Guiana FR",NA,"GUF.2.2_1","Awala","municipality",2017,0,0,0,0,1,59,59,0,0,0,0,0,57,0,9,6,0,11
"Guiana FR",NA,"GUF.2.2_1","Awala","municipality",2018,0,0,0,0,0,21,44,1,0,0,0,0,51,1,13,5,0,12
"Guiana FR",NA,"GUF.2.2_1","Awala","municipality",2019,0,1,0,0,3,29,69,0,0,0,0,0,68,0,30,5,0,18
"Guiana FR",NA,"GUF.2.2_1","Awala","municipality",2020,0,0,0,0,3,19,22,0,0,0,0,0,75,0,5,4,0,11
"Guiana FR",NA,"GUF.2.2_1","Awala","municipality",2021,0,1,0,0,0,10,5,1,0,0,0,0,70,0,4,1,0,6
"Guiana FR",NA,"GUF.2.2_1","Awala","municipality",2022,0,0,0,0,0,21,2,0,0,0,0,0,80,1,10,1,0,4
"Guiana FR",NA,"GUF.2.2_1","Awala","municipality",2023,0,0,1,0,2,19,4,0,0,0,0,0,106,1,7,2,0,8
"Guiana FR",NA,"GUF.1.1_1","Camopi (+Trois sauts)","municipality",2006,0,1,0,1,1,167,7,8,522,0,0,0,510,0,221,60,0,34
"Guiana FR",NA,"GUF.1.1_1","Camopi (+Trois sauts)","municipality",2007,0,1,1,6,1,190,4,3,338,0,0,0,778,0,74,80,0,66
"Guiana FR",NA,"GUF.1.1_1","Camopi (+Trois sauts)","municipality",2008,0,1,0,4,1,187,2,2,282,0,0,0,841,2,31,58,0,66
"Guiana FR",NA,"GUF.1.1_1","Camopi (+Trois sauts)","municipality",2009,0,0,0,1,0,246,6,5,262,0,0,0,889,1,14,36,0,114
"Guiana FR",NA,"GUF.1.1_1","Camopi (+Trois sauts)","municipality",2010,0,0,0,0,1,120,4,8,90,0,0,0,860,0,32,107,0,80
"Guiana FR",NA,"GUF.1.1_1","Camopi (+Trois sauts)","municipality",2011,0,0,0,0,0,154,2,12,92,0,0,0,784,1,6,63,0,52
"Guiana FR",NA,"GUF.1.1_1","Camopi (+Trois sauts)","municipality",2012,0,0,0,0,3,278,11,10,64,0,0,0,880,0,69,17,0,93
"Guiana FR",NA,"GUF.1.1_1","Camopi (+Trois sauts)","municipality",2013,0,2,0,0,5,105,11,11,63,0,0,0,760,0,35,69,0,105
"Guiana FR",NA,"GUF.1.1_1","Camopi (+Trois sauts)","municipality",2014,0,0,3,1,3,97,10,28,20,0,0,0,700,4,37,40,0,42
"Guiana FR",NA,"GUF.1.1_1","Camopi (+Trois sauts)","municipality",2015,0,0,1,1,3,214,12,13,20,0,0,1,707,2,157,38,0,88
"Guiana FR",NA,"GUF.1.1_1","Camopi (+Trois sauts)","municipality",2016,0,0,4,0,4,118,13,7,15,0,0,0,500,2,80,30,0,39
"Guiana FR",NA,"GUF.1.1_1","Camopi (+Trois sauts)","municipality",2017,0,1,0,0,0,48,6,7,13,0,0,0,294,1,15,22,1,25
"Guiana FR",NA,"GUF.1.1_1","Camopi (+Trois sauts)","municipality",2018,0,2,0,0,4,108,26,8,22,0,0,0,520,1,65,39,0,52
"Guiana FR",NA,"GUF.1.1_1","Camopi (+Trois sauts)","municipality",2019,0,0,1,1,2,78,26,5,7,0,0,0,657,2,39,81,0,63
"Guiana FR",NA,"GUF.1.1_1","Camopi (+Trois sauts)","municipality",2020,0,1,1,0,1,35,10,17,1,0,0,0,258,4,19,13,0,22
"Guiana FR",NA,"GUF.1.1_1","Camopi (+Trois sauts)","municipality",2021,0,0,2,0,1,38,10,10,1,0,0,0,490,4,13,25,0,35
"Guiana FR",NA,"GUF.1.1_1","Camopi (+Trois sauts)","municipality",2022,0,0,1,1,0,44,9,5,2,0,0,0,546,2,23,35,1,59
"Guiana FR",NA,"GUF.1.1_1","Camopi (+Trois sauts)","municipality",2023,0,0,0,0,4,57,13,5,4,0,0,0,444,2,43,48,0,27
"Guiana FR",NA,NA,"Cayenne","municipality",2006,NA,NA,NA,NA,NA,NA,NA,NA,NA,0,0,NA,NA,NA,NA,NA,NA,NA
"Guiana FR",NA,NA,"Cayenne","municipality",2007,NA,NA,NA,NA,NA,NA,NA,NA,NA,0,0,NA,NA,NA,NA,NA,NA,NA
"Guiana FR",NA,NA,"Cayenne","municipality",2008,NA,NA,NA,NA,NA,NA,NA,1,NA,0,0,NA,NA,NA,NA,NA,NA,NA
"Guiana FR",NA,NA,"Cayenne","municipality",2009,NA,NA,NA,NA,NA,NA,NA,NA,NA,0,0,NA,NA,NA,NA,NA,NA,NA
"Guiana FR",NA,NA,"Cayenne","municipality",2010,NA,NA,NA,NA,NA,NA,NA,NA,NA,0,0,NA,NA,NA,NA,NA,NA,NA
"Guiana FR",NA,NA,"Cayenne","municipality",2011,NA,NA,NA,NA,NA,NA,NA,NA,NA,0,0,NA,NA,NA,NA,NA,NA,NA
"Guiana FR",NA,NA,"Cayenne","municipality",2012,NA,NA,NA,NA,NA,NA,NA,2,NA,0,0,NA,NA,NA,NA,NA,NA,NA
"Guiana FR",NA,NA,"Cayenne","municipality",2013,NA,NA,NA,NA,NA,NA,NA,NA,NA,0,0,NA,NA,NA,NA,NA,NA,NA
"Guiana FR",NA,NA,"Cayenne","municipality",2014,NA,NA,NA,NA,NA,NA,NA,1,NA,0,0,NA,NA,NA,NA,NA,NA,NA
"Guiana FR",NA,NA,"Cayenne","municipality",2015,NA,NA,NA,NA,NA,NA,NA,NA,NA,0,0,NA,NA,NA,NA,NA,NA,NA
"Guiana FR",NA,NA,"Cayenne","municipality",2016,NA,NA,NA,NA,NA,NA,NA,NA,NA,0,0,NA,NA,NA,NA,NA,NA,NA
"Guiana FR",NA,NA,"Cayenne","municipality",2017,NA,NA,NA,NA,NA,NA,NA,NA,NA,0,0,NA,NA,NA,NA,NA,NA,NA
"Guiana FR",NA,NA,"Cayenne","municipality",2018,NA,NA,NA,NA,NA,NA,NA,NA,NA,0,0,NA,NA,NA,NA,NA,NA,NA
"Guiana FR",NA,NA,"Cayenne","municipality",2019,NA,NA,NA,NA,NA,NA,NA,NA,NA,0,0,NA,NA,NA,NA,NA,NA,NA
"Guiana FR",NA,NA,"Cayenne","municipality",2020,NA,NA,NA,NA,NA,NA,NA,NA,NA,0,0,NA,NA,NA,NA,NA,NA,NA
"Guiana FR",NA,NA,"Cayenne","municipality",2021,NA,NA,NA,NA,NA,NA,NA,NA,NA,0,0,NA,NA,NA,NA,NA,NA,NA
"Guiana FR",NA,NA,"Cayenne","municipality",2022,NA,NA,NA,NA,NA,NA,NA,NA,NA,0,0,NA,NA,NA,NA,NA,NA,NA
"Guiana FR",NA,NA,"Cayenne","municipality",2023,NA,NA,NA,NA,NA,NA,NA,NA,NA,0,0,NA,NA,NA,NA,NA,NA,NA
"Guiana FR",NA,"GUF.2.3_1","Grand Santi","municipality",2006,0,0,0,1,4,96,13,12,229,0,0,0,410,0,80,13,0,129
"Guiana FR",NA,"GUF.2.3_1","Grand Santi","municipality",2007,0,1,0,0,1,103,1,13,34,0,0,0,488,0,36,7,0,132
"Guiana FR",NA,"GUF.2.3_1","Grand Santi","municipality",2008,0,0,2,0,3,101,19,10,11,0,0,0,406,0,6,20,0,57
"Guiana FR",NA,"GUF.2.3_1","Grand Santi","municipality",2009,0,0,1,2,8,61,6,9,5,0,0,0,324,0,35,29,0,37
"Guiana FR",NA,"GUF.2.3_1","Grand Santi","municipality",2010,0,0,4,1,4,108,4,3,4,0,0,0,460,1,74,3,0,23
"Guiana FR",NA,"GUF.2.3_1","Grand Santi","municipality",2011,0,0,2,0,4,87,11,5,3,0,0,0,349,0,75,4,0,35
"Guiana FR",NA,"GUF.2.3_1","Grand Santi","municipality",2012,0,1,0,0,0,42,4,2,0,0,0,0,364,1,29,5,0,33
"Guiana FR",NA,"GUF.2.3_1","Grand Santi","municipality",2013,0,0,2,0,2,70,5,4,1,0,0,0,467,1,34,7,0,48
"Guiana FR",NA,"GUF.2.3_1","Grand Santi","municipality",2014,0,3,8,0,1,101,8,11,3,0,0,1,497,2,17,13,0,46
"Guiana FR",NA,"GUF.2.3_1","Grand Santi","municipality",2015,0,1,8,0,3,123,12,6,3,0,0,0,420,0,15,9,0,38
"Guiana FR",NA,"GUF.2.3_1","Grand Santi","municipality",2016,0,0,5,1,3,82,7,14,0,0,0,0,457,2,11,11,0,21
"Guiana FR",NA,"GUF.2.3_1","Grand Santi","municipality",2017,0,0,0,0,0,7,0,0,0,0,0,0,0,0,0,0,0,0
"Guiana FR",NA,"GUF.2.3_1","Grand Santi","municipality",2018,0,3,9,0,5,73,13,11,1,0,0,0,442,1,77,17,0,64
"Guiana FR",NA,"GUF.2.3_1","Grand Santi","municipality",2019,0,1,9,0,2,152,38,9,1,0,0,0,788,3,75,44,2,74
"Guiana FR",NA,"GUF.2.3_1","Grand Santi","municipality",2020,0,0,11,0,7,117,9,48,1,0,0,0,512,2,38,26,3,59
"Guiana FR",NA,"GUF.2.3_1","Grand Santi","municipality",2021,1,5,14,0,7,110,4,45,0,0,0,0,364,0,33,29,1,56
"Guiana FR",NA,"GUF.2.3_1","Grand Santi","municipality",2022,0,1,16,1,11,103,9,14,2,0,0,0,668,1,37,83,2,138
"Guiana FR",NA,"GUF.2.3_1","Grand Santi","municipality",2023,0,3,17,0,3,116,8,19,3,0,0,0,719,3,35,62,0,114
"Guiana FR",NA,"GUF.1.2_1","Iracoubo","municipality",2006,0,0,0,0,0,42,0,0,1,0,0,0,110,0,2,1,0,25
"Guiana FR",NA,"GUF.1.2_1","Iracoubo","municipality",2007,0,0,0,0,2,62,5,0,0,0,0,0,247,0,3,2,0,44
"Guiana FR",NA,"GUF.1.2_1","Iracoubo","municipality",2008,0,0,1,0,3,116,1,3,0,0,0,0,117,0,3,1,0,70
"Guiana FR",NA,"GUF.1.2_1","Iracoubo","municipality",2009,0,0,2,0,8,83,0,2,1,0,0,0,143,0,3,10,0,85
"Guiana FR",NA,"GUF.1.2_1","Iracoubo","municipality",2010,0,0,0,0,1,83,27,6,0,0,0,0,486,1,11,3,0,88
"Guiana FR",NA,"GUF.1.2_1","Iracoubo","municipality",2011,0,1,0,0,2,76,27,0,3,0,0,0,484,0,4,2,0,82
"Guiana FR",NA,"GUF.1.2_1","Iracoubo","municipality",2012,0,0,1,0,3,56,44,4,0,0,0,0,499,1,4,0,0,65
"Guiana FR",NA,"GUF.1.2_1","Iracoubo","municipality",2013,0,0,1,0,3,59,30,2,1,0,0,0,471,0,3,0,0,108
"Guiana FR",NA,"GUF.1.2_1","Iracoubo","municipality",2014,0,0,1,0,5,74,45,4,1,0,0,0,414,0,5,0,0,145
"Guiana FR",NA,"GUF.1.2_1","Iracoubo","municipality",2015,0,0,0,0,5,85,36,0,0,0,0,0,453,0,1,0,0,123
"Guiana FR",NA,"GUF.1.2_1","Iracoubo","municipality",2016,0,0,0,0,2,54,31,3,0,1,0,0,432,0,1,0,0,82
"Guiana FR",NA,"GUF.1.2_1","Iracoubo","municipality",2017,0,0,0,0,0,25,25,0,1,0,0,0,166,1,1,1,0,24
"Guiana FR",NA,"GUF.1.2_1","Iracoubo","municipality",2018,0,0,0,0,4,48,57,3,0,0,0,0,396,1,6,3,0,103
"Guiana FR",NA,"GUF.1.2_1","Iracoubo","municipality",2019,0,0,0,0,1,69,39,0,0,0,0,1,397,1,0,0,0,130
"Guiana FR",NA,"GUF.1.2_1","Iracoubo","municipality",2020,0,0,2,0,0,51,29,0,0,0,0,0,272,0,3,3,0,90
"Guiana FR",NA,"GUF.1.2_1","Iracoubo","municipality",2021,0,0,0,0,0,22,23,1,0,0,0,0,178,0,6,0,0,72
"Guiana FR",NA,"GUF.1.2_1","Iracoubo","municipality",2022,0,0,1,0,0,32,38,0,0,0,0,0,383,0,20,2,0,63
"Guiana FR",NA,"GUF.1.2_1","Iracoubo","municipality",2023,0,0,4,0,1,34,17,0,2,0,0,0,370,2,3,12,0,50
"Guiana FR",NA,"GUF.1.3_1","Kourou","municipality",2006,NA,NA,NA,NA,NA,NA,NA,NA,NA,0,0,NA,NA,NA,NA,NA,NA,NA
"Guiana FR",NA,"GUF.1.3_1","Kourou","municipality",2007,NA,NA,NA,NA,NA,NA,NA,NA,NA,0,0,NA,NA,NA,NA,NA,NA,NA
"Guiana FR",NA,"GUF.1.3_1","Kourou","municipality",2008,NA,NA,NA,NA,NA,NA,NA,0,NA,0,0,NA,NA,NA,NA,NA,NA,NA
"Guiana FR",NA,"GUF.1.3_1","Kourou","municipality",2009,NA,NA,NA,NA,NA,NA,NA,2,NA,0,0,NA,NA,NA,NA,NA,NA,NA
"Guiana FR",NA,"GUF.1.3_1","Kourou","municipality",2010,NA,NA,NA,NA,NA,NA,NA,3,NA,0,0,NA,NA,NA,NA,NA,NA,NA
"Guiana FR",NA,"GUF.1.3_1","Kourou","municipality",2011,NA,NA,NA,NA,NA,NA,NA,3,NA,0,0,NA,NA,NA,NA,NA,NA,NA
"Guiana FR",NA,"GUF.1.3_1","Kourou","municipality",2012,NA,NA,NA,NA,NA,NA,NA,2,NA,0,0,NA,NA,NA,NA,NA,NA,NA
"Guiana FR",NA,"GUF.1.3_1","Kourou","municipality",2013,NA,NA,NA,NA,NA,NA,NA,0,NA,0,0,NA,NA,NA,NA,NA,NA,NA
"Guiana FR",NA,"GUF.1.3_1","Kourou","municipality",2014,NA,NA,NA,NA,NA,NA,NA,1,NA,0,0,NA,NA,NA,NA,NA,NA,NA
"Guiana FR",NA,"GUF.1.3_1","Kourou","municipality",2015,NA,NA,NA,NA,NA,NA,NA,0,NA,0,0,NA,NA,NA,NA,NA,NA,NA
"Guiana FR",NA,"GUF.1.3_1","Kourou","municipality",2016,NA,NA,NA,NA,NA,NA,NA,NA,NA,0,0,NA,NA,NA,NA,NA,NA,NA
"Guiana FR",NA,"GUF.1.3_1","Kourou","municipality",2017,NA,NA,NA,NA,NA,NA,NA,NA,NA,0,0,NA,NA,NA,NA,NA,NA,NA
"Guiana FR",NA,"GUF.1.3_1","Kourou","municipality",2018,NA,NA,NA,NA,NA,NA,NA,NA,NA,0,0,NA,NA,NA,NA,NA,NA,NA
"Guiana FR",NA,"GUF.1.3_1","Kourou","municipality",2019,NA,NA,NA,NA,NA,NA,NA,NA,NA,0,0,NA,NA,NA,NA,NA,NA,NA
"Guiana FR",NA,"GUF.1.3_1","Kourou","municipality",2020,NA,NA,NA,NA,NA,NA,NA,NA,NA,0,0,NA,NA,NA,NA,NA,NA,NA
"Guiana FR",NA,"GUF.1.3_1","Kourou","municipality",2021,NA,NA,NA,NA,NA,NA,NA,NA,NA,0,0,NA,NA,NA,NA,NA,NA,NA
"Guiana FR",NA,"GUF.1.3_1","Kourou","municipality",2022,NA,NA,NA,NA,NA,NA,NA,NA,NA,0,0,NA,NA,NA,NA,NA,NA,NA
"Guiana FR",NA,"GUF.1.3_1","Kourou","municipality",2023,NA,NA,NA,NA,NA,NA,NA,NA,NA,0,0,NA,NA,NA,NA,NA,NA,NA
"Guiana FR",NA,"GUF.1.4_1","Macouria","municipality",2006,NA,NA,NA,NA,NA,NA,NA,NA,NA,0,0,NA,NA,NA,NA,NA,NA,NA
"Guiana FR",NA,"GUF.1.4_1","Macouria","municipality",2007,NA,NA,NA,NA,NA,NA,NA,NA,NA,0,0,NA,NA,NA,NA,NA,NA,NA
"Guiana FR",NA,"GUF.1.4_1","Macouria","municipality",2008,NA,NA,NA,NA,NA,NA,NA,2,NA,1,0,NA,NA,NA,NA,NA,NA,NA
"Guiana FR",NA,"GUF.1.4_1","Macouria","municipality",2009,NA,NA,NA,NA,NA,NA,NA,2,NA,0,0,NA,NA,NA,NA,NA,NA,NA
"Guiana FR",NA,"GUF.1.4_1","Macouria","municipality",2010,NA,NA,NA,NA,NA,NA,NA,1,NA,1,0,NA,NA,NA,NA,NA,NA,NA
"Guiana FR",NA,"GUF.1.4_1","Macouria","municipality",2011,NA,NA,NA,NA,NA,NA,NA,4,NA,0,0,NA,NA,NA,NA,NA,NA,NA
"Guiana FR",NA,"GUF.1.4_1","Macouria","municipality",2012,NA,NA,NA,NA,NA,NA,NA,2,NA,1,0,NA,NA,NA,NA,NA,NA,NA
"Guiana FR",NA,"GUF.1.4_1","Macouria","municipality",2013,NA,NA,NA,NA,NA,NA,NA,7,NA,0,0,NA,NA,NA,NA,NA,NA,NA
"Guiana FR",NA,"GUF.1.4_1","Macouria","municipality",2014,NA,NA,NA,NA,NA,NA,NA,2,NA,0,0,NA,NA,NA,NA,NA,NA,NA
"Guiana FR",NA,"GUF.1.4_1","Macouria","municipality",2015,NA,NA,NA,NA,NA,NA,NA,7,NA,0,0,NA,NA,NA,NA,NA,NA,NA
"Guiana FR",NA,"GUF.1.4_1","Macouria","municipality",2016,NA,NA,NA,NA,NA,NA,NA,NA,NA,0,0,NA,NA,NA,NA,NA,NA,NA
"Guiana FR",NA,"GUF.1.4_1","Macouria","municipality",2017,NA,NA,NA,NA,NA,NA,NA,NA,NA,0,0,NA,NA,NA,NA,NA,NA,NA
"Guiana FR",NA,"GUF.1.4_1","Macouria","municipality",2018,NA,NA,NA,NA,NA,NA,NA,NA,NA,0,0,NA,NA,NA,NA,NA,NA,NA
"Guiana FR",NA,"GUF.1.4_1","Macouria","municipality",2019,NA,NA,NA,NA,NA,NA,NA,NA,NA,0,0,NA,NA,NA,NA,NA,NA,NA
"Guiana FR",NA,"GUF.1.4_1","Macouria","municipality",2020,NA,NA,NA,NA,NA,NA,NA,NA,NA,1,0,NA,NA,NA,NA,NA,NA,NA
"Guiana FR",NA,"GUF.1.4_1","Macouria","municipality",2021,NA,NA,NA,NA,NA,NA,NA,NA,NA,0,0,NA,NA,NA,NA,NA,NA,NA
"Guiana FR",NA,"GUF.1.4_1","Macouria","municipality",2022,NA,NA,NA,NA,NA,NA,NA,NA,NA,2,0,NA,NA,NA,NA,NA,NA,NA
"Guiana FR",NA,"GUF.1.4_1","Macouria","municipality",2023,NA,NA,NA,NA,NA,NA,NA,NA,NA,0,0,NA,NA,NA,NA,NA,NA,NA
"Guiana FR",NA,"GUF.2.4_1","Mana (+Javouhey)","municipality",2006,0,0,0,0,0,53,3,1,2,0,0,0,101,0,10,4,0,32
"Guiana FR",NA,"GUF.2.4_1","Mana (+Javouhey)","municipality",2007,0,0,1,0,3,56,1,3,2,0,0,0,104,0,2,0,0,32
"Guiana FR",NA,"GUF.2.4_1","Mana (+Javouhey)","municipality",2008,0,0,2,0,1,55,1,3,6,0,0,0,111,1,5,4,0,31
"Guiana FR",NA,"GUF.2.4_1","Mana (+Javouhey)","municipality",2009,0,0,1,0,0,32,2,1,0,0,0,0,141,2,5,3,0,17
"Guiana FR",NA,"GUF.2.4_1","Mana (+Javouhey)","municipality",2010,0,0,1,0,2,39,0,1,1,0,0,0,112,1,8,0,0,8
"Guiana FR",NA,"GUF.2.4_1","Mana (+Javouhey)","municipality",2011,0,2,0,0,1,57,2,2,0,0,0,0,99,1,21,4,0,29
"Guiana FR",NA,"GUF.2.4_1","Mana (+Javouhey)","municipality",2012,0,3,0,0,3,53,6,0,0,0,0,0,269,1,28,18,0,18
"Guiana FR",NA,"GUF.2.4_1","Mana (+Javouhey)","municipality",2013,0,0,0,0,1,72,9,4,0,0,0,0,230,0,49,8,0,10
"Guiana FR",NA,"GUF.2.4_1","Mana (+Javouhey)","municipality",2014,0,0,1,0,2,40,8,0,2,0,0,0,277,0,151,4,0,10
"Guiana FR",NA,"GUF.2.4_1","Mana (+Javouhey)","municipality",2015,0,0,1,0,2,75,3,1,2,0,0,0,227,2,63,0,1,28
"Guiana FR",NA,"GUF.2.4_1","Mana (+Javouhey)","municipality",2016,0,1,4,0,3,47,61,1,6,0,0,0,248,6,2,4,0,38
"Guiana FR",NA,"GUF.2.4_1","Mana (+Javouhey)","municipality",2017,0,1,0,0,0,127,86,2,0,0,0,1,99,4,7,18,0,17
"Guiana FR",NA,"GUF.2.4_1","Mana (+Javouhey)","municipality",2018,0,0,0,0,1,36,112,4,0,0,0,0,145,5,31,25,0,20
"Guiana FR",NA,"GUF.2.4_1","Mana (+Javouhey)","municipality",2019,0,1,1,0,0,33,80,0,0,0,0,0,98,1,23,15,0,11
"Guiana FR",NA,"GUF.2.4_1","Mana (+Javouhey)","municipality",2020,1,0,3,0,0,38,44,2,0,0,0,0,106,0,22,5,0,17
"Guiana FR",NA,"GUF.2.4_1","Mana (+Javouhey)","municipality",2021,0,0,1,0,0,26,9,0,0,0,0,0,230,0,10,2,0,28
"Guiana FR",NA,"GUF.2.4_1","Mana (+Javouhey)","municipality",2022,0,0,0,0,1,38,5,0,0,0,0,0,162,1,16,5,0,15
"Guiana FR",NA,"GUF.2.4_1","Mana (+Javouhey)","municipality",2023,0,0,3,0,2,34,3,0,0,0,0,0,163,2,17,2,1,12
"Guiana FR",NA,"GUF.2.5_1","Maripasoula (+Taluhen+Antecumepata)","municipality",2006,0,2,2,2,2,44,7,2,99,0,0,0,149,1,9,8,0,26
"Guiana FR",NA,"GUF.2.5_1","Maripasoula (+Taluhen+Antecumepata)","municipality",2007,0,1,2,0,2,58,6,1,48,0,0,0,218,1,9,10,0,38
"Guiana FR",NA,"GUF.2.5_1","Maripasoula (+Taluhen+Antecumepata)","municipality",2008,0,0,1,0,2,102,1,4,51,0,0,1,173,0,10,12,0,33
"Guiana FR",NA,"GUF.2.5_1","Maripasoula (+Taluhen+Antecumepata)","municipality",2009,0,1,0,2,8,47,4,3,85,0,0,0,209,1,23,30,0,49
"Guiana FR",NA,"GUF.2.5_1","Maripasoula (+Taluhen+Antecumepata)","municipality",2010,0,1,2,1,2,60,2,4,54,0,0,0,94,0,22,14,1,24
"Guiana FR",NA,"GUF.2.5_1","Maripasoula (+Taluhen+Antecumepata)","municipality",2011,0,0,2,1,3,76,5,1,19,0,0,0,67,0,5,13,0,23
"Guiana FR",NA,"GUF.2.5_1","Maripasoula (+Taluhen+Antecumepata)","municipality",2012,0,0,1,0,2,59,0,2,12,0,0,0,40,0,0,14,0,9
"Guiana FR",NA,"GUF.2.5_1","Maripasoula (+Taluhen+Antecumepata)","municipality",2013,0,2,4,2,4,62,8,9,60,0,0,0,417,0,26,46,2,94
"Guiana FR",NA,"GUF.2.5_1","Maripasoula (+Taluhen+Antecumepata)","municipality",2014,0,0,6,2,5,98,11,19,28,0,0,0,371,1,18,31,0,43
"Guiana FR",NA,"GUF.2.5_1","Maripasoula (+Taluhen+Antecumepata)","municipality",2015,0,1,3,1,5,73,9,18,23,0,0,1,362,2,21,37,0,78
"Guiana FR",NA,"GUF.2.5_1","Maripasoula (+Taluhen+Antecumepata)","municipality",2016,0,1,2,2,2,142,13,18,16,0,0,0,326,2,8,24,0,68
"Guiana FR",NA,"GUF.2.5_1","Maripasoula (+Taluhen+Antecumepata)","municipality",2017,0,1,4,0,3,43,7,30,18,0,0,0,158,3,3,11,0,26
"Guiana FR",NA,"GUF.2.5_1","Maripasoula (+Taluhen+Antecumepata)","municipality",2018,0,0,4,0,10,156,17,66,66,0,0,1,550,1,21,48,2,130
"Guiana FR",NA,"GUF.2.5_1","Maripasoula (+Taluhen+Antecumepata)","municipality",2019,0,3,9,1,4,133,24,38,11,0,0,0,646,4,30,62,1,135
"Guiana FR",NA,"GUF.2.5_1","Maripasoula (+Taluhen+Antecumepata)","municipality",2020,0,1,13,0,10,78,7,183,16,0,0,1,204,6,25,35,1,71
"Guiana FR",NA,"GUF.2.5_1","Maripasoula (+Taluhen+Antecumepata)","municipality",2021,0,4,13,0,9,187,18,161,47,0,0,0,307,5,53,71,1,107
"Guiana FR",NA,"GUF.2.5_1","Maripasoula (+Taluhen+Antecumepata)","municipality",2022,1,2,16,2,5,119,24,55,13,0,0,1,363,3,58,53,1,103
"Guiana FR",NA,"GUF.2.5_1","Maripasoula (+Taluhen+Antecumepata)","municipality",2023,0,2,7,0,6,111,6,56,11,0,0,0,460,1,44,73,0,99
"Guiana FR",NA,"GUF.1.5_1","Matoury","municipality",2006,NA,NA,NA,NA,NA,NA,NA,NA,NA,0,0,NA,NA,NA,NA,NA,NA,NA
"Guiana FR",NA,"GUF.1.5_1","Matoury","municipality",2007,NA,NA,NA,NA,NA,NA,NA,NA,NA,0,0,NA,NA,NA,NA,NA,NA,NA
"Guiana FR",NA,"GUF.1.5_1","Matoury","municipality",2008,NA,NA,NA,NA,NA,NA,NA,1,NA,0,0,NA,NA,NA,NA,NA,NA,NA
"Guiana FR",NA,"GUF.1.5_1","Matoury","municipality",2009,NA,NA,NA,NA,NA,NA,NA,NA,NA,0,0,NA,NA,NA,NA,NA,NA,NA
"Guiana FR",NA,"GUF.1.5_1","Matoury","municipality",2010,NA,NA,NA,NA,NA,NA,NA,1,NA,0,0,NA,NA,NA,NA,NA,NA,NA
"Guiana FR",NA,"GUF.1.5_1","Matoury","municipality",2011,NA,NA,NA,NA,NA,NA,NA,3,NA,0,0,NA,NA,NA,NA,NA,NA,NA
"Guiana FR",NA,"GUF.1.5_1","Matoury","municipality",2012,NA,NA,NA,NA,NA,NA,NA,0,NA,0,0,NA,NA,NA,NA,NA,NA,NA
"Guiana FR",NA,"GUF.1.5_1","Matoury","municipality",2013,NA,NA,NA,NA,NA,NA,NA,0,NA,0,0,NA,NA,NA,NA,NA,NA,NA
"Guiana FR",NA,"GUF.1.5_1","Matoury","municipality",2014,NA,NA,NA,NA,NA,NA,NA,0,NA,0,0,NA,NA,NA,NA,NA,NA,NA
"Guiana FR",NA,"GUF.1.5_1","Matoury","municipality",2015,NA,NA,NA,NA,NA,NA,NA,0,NA,0,0,NA,NA,NA,NA,NA,NA,NA
"Guiana FR",NA,"GUF.1.5_1","Matoury","municipality",2016,NA,NA,NA,NA,NA,NA,NA,NA,NA,0,0,NA,NA,NA,NA,NA,NA,NA
"Guiana FR",NA,"GUF.1.5_1","Matoury","municipality",2017,NA,NA,NA,NA,NA,NA,NA,NA,NA,0,0,NA,NA,NA,NA,NA,NA,NA
"Guiana FR",NA,"GUF.1.5_1","Matoury","municipality",2018,NA,NA,NA,NA,NA,NA,NA,NA,NA,0,0,NA,NA,NA,NA,NA,NA,NA
"Guiana FR",NA,"GUF.1.5_1","Matoury","municipality",2019,NA,NA,NA,NA,NA,NA,NA,NA,NA,0,0,NA,NA,NA,NA,NA,NA,NA
"Guiana FR",NA,"GUF.1.5_1","Matoury","municipality",2020,NA,NA,NA,NA,NA,NA,NA,NA,NA,0,0,NA,NA,NA,NA,NA,NA,NA
"Guiana FR",NA,"GUF.1.5_1","Matoury","municipality",2021,NA,NA,NA,NA,NA,NA,NA,NA,NA,0,0,NA,NA,NA,NA,NA,NA,NA
"Guiana FR",NA,"GUF.1.5_1","Matoury","municipality",2022,NA,NA,NA,NA,NA,NA,NA,NA,NA,0,0,NA,NA,NA,NA,NA,NA,NA
"Guiana FR",NA,"GUF.1.5_1","Matoury","municipality",2023,NA,NA,NA,NA,NA,NA,NA,NA,NA,0,0,NA,NA,NA,NA,NA,NA,NA
"Guiana FR",NA,"GUF.1.6_1","Montsinery Tonnegrande","municipality",2006,NA,NA,NA,NA,NA,NA,NA,NA,NA,0,0,NA,NA,NA,NA,NA,NA,NA
"Guiana FR",NA,"GUF.1.6_1","Montsinery Tonnegrande","municipality",2007,NA,NA,NA,NA,NA,NA,NA,NA,NA,0,0,NA,NA,NA,NA,NA,NA,NA
"Guiana FR",NA,"GUF.1.6_1","Montsinery Tonnegrande","municipality",2008,NA,NA,NA,NA,NA,NA,NA,5,NA,0,0,NA,NA,NA,NA,NA,NA,NA
"Guiana FR",NA,"GUF.1.6_1","Montsinery Tonnegrande","municipality",2009,NA,NA,NA,NA,NA,NA,NA,11,NA,0,0,NA,NA,NA,NA,NA,NA,NA
"Guiana FR",NA,"GUF.1.6_1","Montsinery Tonnegrande","municipality",2010,NA,NA,NA,NA,NA,NA,NA,3,NA,0,0,NA,NA,NA,NA,NA,NA,NA
"Guiana FR",NA,"GUF.1.6_1","Montsinery Tonnegrande","municipality",2011,NA,NA,NA,NA,NA,NA,NA,3,NA,0,0,NA,NA,NA,NA,NA,NA,NA
"Guiana FR",NA,"GUF.1.6_1","Montsinery Tonnegrande","municipality",2012,NA,NA,NA,NA,NA,NA,NA,3,NA,0,0,NA,NA,NA,NA,NA,NA,NA
"Guiana FR",NA,"GUF.1.6_1","Montsinery Tonnegrande","municipality",2013,NA,NA,NA,NA,NA,NA,NA,1,NA,0,0,NA,NA,NA,NA,NA,NA,NA
"Guiana FR",NA,"GUF.1.6_1","Montsinery Tonnegrande","municipality",2014,NA,NA,NA,NA,NA,NA,NA,4,NA,0,0,NA,NA,NA,NA,NA,NA,NA
"Guiana FR",NA,"GUF.1.6_1","Montsinery Tonnegrande","municipality",2015,NA,NA,NA,NA,NA,NA,NA,7,NA,0,0,NA,NA,NA,NA,NA,NA,NA
"Guiana FR",NA,"GUF.1.6_1","Montsinery Tonnegrande","municipality",2016,NA,NA,NA,NA,NA,NA,NA,NA,NA,0,0,NA,NA,NA,NA,NA,NA,NA
"Guiana FR",NA,"GUF.1.6_1","Montsinery Tonnegrande","municipality",2017,NA,NA,NA,NA,NA,NA,NA,NA,NA,0,0,NA,NA,NA,NA,NA,NA,NA
"Guiana FR",NA,"GUF.1.6_1","Montsinery Tonnegrande","municipality",2018,NA,NA,NA,NA,NA,NA,NA,NA,NA,0,0,NA,NA,NA,NA,NA,NA,NA
"Guiana FR",NA,"GUF.1.6_1","Montsinery Tonnegrande","municipality",2019,NA,NA,NA,NA,NA,NA,NA,NA,NA,0,0,NA,NA,NA,NA,NA,NA,NA
"Guiana FR",NA,"GUF.1.6_1","Montsinery Tonnegrande","municipality",2020,NA,NA,NA,NA,NA,NA,NA,NA,NA,0,0,NA,NA,NA,NA,NA,NA,NA
"Guiana FR",NA,"GUF.1.6_1","Montsinery Tonnegrande","municipality",2021,NA,NA,NA,NA,NA,NA,NA,NA,NA,0,0,NA,NA,NA,NA,NA,NA,NA
"Guiana FR",NA,"GUF.1.6_1","Montsinery Tonnegrande","municipality",2022,NA,NA,NA,NA,NA,NA,NA,NA,NA,0,0,NA,NA,NA,NA,NA,NA,NA
"Guiana FR",NA,"GUF.1.6_1","Montsinery Tonnegrande","municipality",2023,NA,NA,NA,NA,NA,NA,NA,NA,NA,0,0,NA,NA,NA,NA,NA,NA,NA
"Guiana FR",NA,"GUF.1.7_1","Ouanary","municipality",2006,0,0,0,0,0,1,0,0,2,0,0,0,0,0,0,0,0,1
"Guiana FR",NA,"GUF.1.7_1","Ouanary","municipality",2007,0,0,0,0,0,3,0,0,10,0,0,0,0,0,0,0,0,1
"Guiana FR",NA,"GUF.1.7_1","Ouanary","municipality",2008,0,0,0,0,0,9,0,0,9,0,0,0,0,0,0,0,0,2
"Guiana FR",NA,"GUF.1.7_1","Ouanary","municipality",2009,0,0,0,0,0,6,0,0,11,0,0,0,1,0,1,0,0,5
"Guiana FR",NA,"GUF.1.7_1","Ouanary","municipality",2010,0,0,0,0,0,5,0,0,7,0,0,0,4,0,0,0,0,1
"Guiana FR",NA,"GUF.1.7_1","Ouanary","municipality",2011,0,0,0,0,0,6,0,1,4,0,0,0,1,0,0,0,0,1
"Guiana FR",NA,"GUF.1.7_1","Ouanary","municipality",2012,0,0,0,0,0,2,0,0,2,0,0,0,0,0,0,0,0,2
"Guiana FR",NA,"GUF.1.7_1","Ouanary","municipality",2013,0,0,0,0,0,1,0,0,1,0,0,0,4,0,0,0,0,3
"Guiana FR",NA,"GUF.1.7_1","Ouanary","municipality",2014,0,0,0,0,0,4,0,0,0,0,0,0,9,0,0,0,0,2
"Guiana FR",NA,"GUF.1.7_1","Ouanary","municipality",2015,0,0,0,0,0,0,0,0,0,0,0,0,8,0,0,0,0,2
"Guiana FR",NA,"GUF.1.7_1","Ouanary","municipality",2016,0,0,0,0,0,0,0,0,0,0,0,0,4,0,0,0,0,1
"Guiana FR",NA,"GUF.1.7_1","Ouanary","municipality",2017,0,0,0,0,0,0,0,0,0,0,0,0,0,0,0,0,0,0
"Guiana FR",NA,"GUF.1.7_1","Ouanary","municipality",2018,0,0,0,0,0,0,0,0,0,0,0,0,0,0,0,0,0,0
"Guiana FR",NA,"GUF.1.7_1","Ouanary","municipality",2019,0,0,0,0,0,0,0,0,0,0,0,0,0,0,0,0,0,0
"Guiana FR",NA,"GUF.1.7_1","Ouanary","municipality",2020,0,0,0,0,0,0,0,0,0,0,0,0,0,0,0,0,0,0
"Guiana FR",NA,"GUF.1.7_1","Ouanary","municipality",2021,0,0,0,0,0,0,0,0,0,0,0,0,0,0,0,0,0,0
"Guiana FR",NA,"GUF.1.7_1","Ouanary","municipality",2022,0,0,0,0,0,0,0,0,0,0,0,0,0,0,0,0,0,0
"Guiana FR",NA,"GUF.1.7_1","Ouanary","municipality",2023,0,0,0,0,0,0,0,0,0,0,0,0,0,0,0,0,0,0
"Guiana FR",NA,"GUF.2.6_1","Papaichton","municipality",2006,0,0,0,0,1,113,5,1,40,0,0,0,236,0,9,11,0,102
"Guiana FR",NA,"GUF.2.6_1","Papaichton","municipality",2007,0,2,1,2,4,67,33,5,19,0,0,0,341,0,19,16,0,92
"Guiana FR",NA,"GUF.2.6_1","Papaichton","municipality",2008,0,0,0,1,0,106,7,2,5,0,0,0,266,1,10,7,0,56
"Guiana FR",NA,"GUF.2.6_1","Papaichton","municipality",2009,0,0,0,1,3,57,5,6,20,0,0,0,253,2,17,25,0,44
"Guiana FR",NA,"GUF.2.6_1","Papaichton","municipality",2010,0,0,2,0,1,81,21,5,17,0,0,0,346,0,12,9,1,55
"Guiana FR",NA,"GUF.2.6_1","Papaichton","municipality",2011,0,0,2,0,1,200,44,7,15,0,0,0,292,1,14,9,1,71
"Guiana FR",NA,"GUF.2.6_1","Papaichton","municipality",2012,0,0,2,1,1,102,18,9,3,0,0,0,315,3,3,32,0,169
"Guiana FR",NA,"GUF.2.6_1","Papaichton","municipality",2013,0,0,1,0,2,65,20,7,4,0,0,0,337,1,28,19,0,111
"Guiana FR",NA,"GUF.2.6_1","Papaichton","municipality",2014,0,2,5,1,7,88,15,11,10,0,0,0,364,1,18,16,0,102
"Guiana FR",NA,"GUF.2.6_1","Papaichton","municipality",2015,0,0,5,1,5,98,15,8,8,0,0,0,481,0,20,15,0,61
"Guiana FR",NA,"GUF.2.6_1","Papaichton","municipality",2016,0,0,2,0,4,115,13,9,3,0,0,0,403,0,25,17,0,64
"Guiana FR",NA,"GUF.2.6_1","Papaichton","municipality",2017,0,0,0,0,0,0,0,0,0,0,0,0,0,0,0,0,0,0
"Guiana FR",NA,"GUF.2.6_1","Papaichton","municipality",2018,0,0,0,0,0,12,0,0,0,0,0,0,22,0,1,1,0,7
"Guiana FR",NA,"GUF.2.6_1","Papaichton","municipality",2019,0,0,3,0,3,41,6,1,1,0,0,0,292,1,17,12,0,26
"Guiana FR",NA,"GUF.2.6_1","Papaichton","municipality",2020,0,0,1,0,2,46,2,10,0,0,0,0,112,1,11,6,0,25
"Guiana FR",NA,"GUF.2.6_1","Papaichton","municipality",2021,0,1,1,0,3,91,2,12,1,0,0,0,161,0,7,7,1,27
"Guiana FR",NA,"GUF.2.6_1","Papaichton","municipality",2022,1,2,2,0,6,49,3,2,0,0,0,0,244,1,12,11,0,43
"Guiana FR",NA,"GUF.2.6_1","Papaichton","municipality",2023,0,0,1,1,4,66,4,2,2,0,0,0,258,0,32,17,0,42
"Guiana FR",NA,"GUF.1.8_1","Regina (+Kaw)","municipality",2006,0,0,2,0,1,15,1,0,25,0,0,0,13,0,1,1,0,9
"Guiana FR",NA,"GUF.1.8_1","Regina (+Kaw)","municipality",2007,0,1,1,0,0,13,3,1,59,0,0,0,50,0,2,2,0,8
"Guiana FR",NA,"GUF.1.8_1","Regina (+Kaw)","municipality",2008,0,0,6,0,2,10,1,3,27,0,0,0,38,0,2,2,0,13
"Guiana FR",NA,"GUF.1.8_1","Regina (+Kaw)","municipality",2009,0,0,3,0,0,3,1,3,17,0,0,0,62,0,0,1,0,8
"Guiana FR",NA,"GUF.1.8_1","Regina (+Kaw)","municipality",2010,0,0,0,0,1,5,1,4,18,0,0,0,23,1,12,6,0,8
"Guiana FR",NA,"GUF.1.8_1","Regina (+Kaw)","municipality",2011,0,1,0,0,1,8,1,5,25,0,0,0,39,2,14,9,0,12
"Guiana FR",NA,"GUF.1.8_1","Regina (+Kaw)","municipality",2012,0,0,0,0,2,5,1,6,40,0,0,0,24,0,5,5,0,16
"Guiana FR",NA,"GUF.1.8_1","Regina (+Kaw)","municipality",2013,0,0,0,1,0,11,4,3,19,0,0,0,44,1,3,8,0,13
"Guiana FR",NA,"GUF.1.8_1","Regina (+Kaw)","municipality",2014,0,0,0,0,0,30,2,8,11,0,0,0,119,1,29,2,0,17
"Guiana FR",NA,"GUF.1.8_1","Regina (+Kaw)","municipality",2015,0,0,0,1,3,21,4,3,5,0,0,0,111,3,10,6,0,22
"Guiana FR",NA,"GUF.1.8_1","Regina (+Kaw)","municipality",2016,0,0,1,1,3,32,1,7,4,0,0,0,94,2,20,14,0,19
"Guiana FR",NA,"GUF.1.8_1","Regina (+Kaw)","municipality",2017,0,1,2,0,12,70,1,4,28,0,0,0,83,4,31,5,2,1
"Guiana FR",NA,"GUF.1.8_1","Regina (+Kaw)","municipality",2018,0,0,0,0,12,9,3,2,38,0,0,1,96,4,16,6,0,0
"Guiana FR",NA,"GUF.1.8_1","Regina (+Kaw)","municipality",2019,0,1,1,0,3,13,1,1,25,0,0,0,85,1,19,5,0,0
"Guiana FR",NA,"GUF.1.8_1","Regina (+Kaw)","municipality",2020,0,0,1,0,0,7,2,13,23,0,0,0,37,0,8,1,0,0
"Guiana FR",NA,"GUF.1.8_1","Regina (+Kaw)","municipality",2021,0,0,0,0,1,5,2,1,24,0,0,0,20,1,0,1,0,1
"Guiana FR",NA,"GUF.1.8_1","Regina (+Kaw)","municipality",2022,0,0,2,0,0,8,0,0,7,0,0,0,60,2,0,4,0,0
"Guiana FR",NA,"GUF.1.8_1","Regina (+Kaw)","municipality",2023,0,0,2,0,1,11,2,0,9,0,0,0,38,2,3,5,0,0
"Guiana FR",NA,"GUF.1.10_1","Roura (+Cacao)","municipality",2006,0,0,0,0,4,18,1,7,108,0,0,0,80,1,5,4,0,31
"Guiana FR",NA,"GUF.1.10_1","Roura (+Cacao)","municipality",2007,0,3,0,0,4,37,15,10,28,0,0,1,73,2,4,5,0,22
"Guiana FR",NA,"GUF.1.10_1","Roura (+Cacao)","municipality",2008,0,0,0,0,0,34,4,7,8,0,0,1,132,0,6,0,0,79
"Guiana FR",NA,"GUF.1.10_1","Roura (+Cacao)","municipality",2009,0,0,0,0,2,27,0,6,19,0,0,0,119,0,6,1,0,42
"Guiana FR",NA,"GUF.1.10_1","Roura (+Cacao)","municipality",2010,0,0,1,0,1,28,2,8,10,0,0,0,69,1,42,5,0,47
"Guiana FR",NA,"GUF.1.10_1","Roura (+Cacao)","municipality",2011,0,0,0,0,2,23,0,6,13,0,0,1,86,3,50,13,0,35
"Guiana FR",NA,"GUF.1.10_1","Roura (+Cacao)","municipality",2012,0,0,0,1,1,26,2,3,1,0,0,1,82,0,17,7,0,31
"Guiana FR",NA,"GUF.1.10_1","Roura (+Cacao)","municipality",2013,0,1,0,0,2,23,3,2,1,0,0,0,91,2,19,5,0,38
"Guiana FR",NA,"GUF.1.10_1","Roura (+Cacao)","municipality",2014,0,0,0,0,2,39,3,8,5,0,0,0,83,0,22,3,0,31
"Guiana FR",NA,"GUF.1.10_1","Roura (+Cacao)","municipality",2015,0,1,1,1,3,38,4,3,0,0,0,0,108,0,15,2,0,25
"Guiana FR",NA,"GUF.1.10_1","Roura (+Cacao)","municipality",2016,0,0,1,0,7,40,5,8,0,0,0,0,66,1,27,5,1,13
"Guiana FR",NA,"GUF.1.10_1","Roura (+Cacao)","municipality",2017,0,0,0,0,5,57,3,5,0,0,0,0,70,3,37,3,1,44
"Guiana FR",NA,"GUF.1.10_1","Roura (+Cacao)","municipality",2018,0,0,1,0,8,17,5,3,3,0,0,0,95,6,35,7,1,54
"Guiana FR",NA,"GUF.1.10_1","Roura (+Cacao)","municipality",2019,0,0,1,0,2,19,3,0,0,0,0,1,61,3,23,4,0,16
"Guiana FR",NA,"GUF.1.10_1","Roura (+Cacao)","municipality",2020,0,0,1,0,0,22,1,16,2,0,0,0,50,0,20,3,0,13
"Guiana FR",NA,"GUF.1.10_1","Roura (+Cacao)","municipality",2021,0,1,2,0,1,13,1,2,4,0,0,0,38,4,10,9,0,9
"Guiana FR",NA,"GUF.1.10_1","Roura (+Cacao)","municipality",2022,0,1,0,0,2,17,7,1,0,0,0,0,61,4,4,11,0,11
"Guiana FR",NA,"GUF.1.10_1","Roura (+Cacao)","municipality",2023,0,1,0,0,3,20,3,1,21,0,0,0,69,1,4,6,1,19
"Guiana FR",NA,"GUF.1.9_1","Rémire-Montjoly","municipality",2006,NA,NA,NA,NA,NA,NA,NA,NA,NA,0,0,NA,NA,NA,NA,NA,NA,NA
"Guiana FR",NA,"GUF.1.9_1","Rémire-Montjoly","municipality",2007,NA,NA,NA,NA,NA,NA,NA,NA,NA,0,0,NA,NA,NA,NA,NA,NA,NA
"Guiana FR",NA,"GUF.1.9_1","Rémire-Montjoly","municipality",2008,NA,NA,NA,NA,NA,NA,NA,2,NA,0,0,NA,NA,NA,NA,NA,NA,NA
"Guiana FR",NA,"GUF.1.9_1","Rémire-Montjoly","municipality",2009,NA,NA,NA,NA,NA,NA,NA,1,NA,1,0,NA,NA,NA,NA,NA,NA,NA
"Guiana FR",NA,"GUF.1.9_1","Rémire-Montjoly","municipality",2010,NA,NA,NA,NA,NA,NA,NA,1,NA,NA,0,NA,NA,NA,NA,NA,NA,NA
"Guiana FR",NA,"GUF.1.9_1","Rémire-Montjoly","municipality",2011,NA,NA,NA,NA,NA,NA,NA,0,NA,0,0,NA,NA,NA,NA,NA,NA,NA
"Guiana FR",NA,"GUF.1.9_1","Rémire-Montjoly","municipality",2012,NA,NA,NA,NA,NA,NA,NA,1,NA,0,0,NA,NA,NA,NA,NA,NA,NA
"Guiana FR",NA,"GUF.1.9_1","Rémire-Montjoly","municipality",2013,NA,NA,NA,NA,NA,NA,NA,1,NA,0,0,NA,NA,NA,NA,NA,NA,NA
"Guiana FR",NA,"GUF.1.9_1","Rémire-Montjoly","municipality",2014,NA,NA,NA,NA,NA,NA,NA,1,NA,0,0,NA,NA,NA,NA,NA,NA,NA
"Guiana FR",NA,"GUF.1.9_1","Rémire-Montjoly","municipality",2015,NA,NA,NA,NA,NA,NA,NA,0,NA,0,0,NA,NA,NA,NA,NA,NA,NA
"Guiana FR",NA,"GUF.1.9_1","Rémire-Montjoly","municipality",2016,NA,NA,NA,NA,NA,NA,NA,NA,NA,0,0,NA,NA,NA,NA,NA,NA,NA
"Guiana FR",NA,"GUF.1.9_1","Rémire-Montjoly","municipality",2017,NA,NA,NA,NA,NA,NA,NA,NA,NA,0,0,NA,NA,NA,NA,NA,NA,NA
"Guiana FR",NA,"GUF.1.9_1","Rémire-Montjoly","municipality",2018,NA,NA,NA,NA,NA,NA,NA,NA,NA,0,0,NA,NA,NA,NA,NA,NA,NA
"Guiana FR",NA,"GUF.1.9_1","Rémire-Montjoly","municipality",2019,NA,NA,NA,NA,NA,NA,NA,NA,NA,0,0,NA,NA,NA,NA,NA,NA,NA
"Guiana FR",NA,"GUF.1.9_1","Rémire-Montjoly","municipality",2020,NA,NA,NA,NA,NA,NA,NA,NA,NA,0,0,NA,NA,NA,NA,NA,NA,NA
"Guiana FR",NA,"GUF.1.9_1","Rémire-Montjoly","municipality",2021,NA,NA,NA,NA,NA,NA,NA,NA,NA,0,0,NA,NA,NA,NA,NA,NA,NA
"Guiana FR",NA,"GUF.1.9_1","Rémire-Montjoly","municipality",2022,NA,NA,NA,NA,NA,NA,NA,NA,NA,2,0,NA,NA,NA,NA,NA,NA,NA
"Guiana FR",NA,"GUF.1.9_1","Rémire-Montjoly","municipality",2023,NA,NA,NA,NA,NA,NA,NA,NA,NA,0,0,NA,NA,NA,NA,NA,NA,NA
"Guiana FR",NA,"GUF.1.11_1","Saint Elie","municipality",2006,NA,NA,NA,NA,NA,NA,NA,NA,NA,0,0,NA,NA,NA,NA,NA,NA,NA
"Guiana FR",NA,"GUF.1.11_1","Saint Elie","municipality",2007,NA,NA,NA,NA,NA,NA,NA,NA,NA,0,0,NA,NA,NA,NA,NA,NA,NA
"Guiana FR",NA,"GUF.1.11_1","Saint Elie","municipality",2008,NA,NA,NA,NA,NA,NA,NA,0,NA,0,0,NA,NA,NA,NA,NA,NA,NA
"Guiana FR",NA,"GUF.1.11_1","Saint Elie","municipality",2009,NA,NA,NA,NA,NA,NA,NA,0,NA,0,0,NA,NA,NA,NA,NA,NA,NA
"Guiana FR",NA,"GUF.1.11_1","Saint Elie","municipality",2010,NA,NA,NA,NA,NA,NA,NA,3,NA,0,0,NA,NA,NA,NA,NA,NA,NA
"Guiana FR",NA,"GUF.1.11_1","Saint Elie","municipality",2011,NA,NA,NA,NA,NA,NA,NA,2,NA,0,0,NA,NA,NA,NA,NA,NA,NA
"Guiana FR",NA,"GUF.1.11_1","Saint Elie","municipality",2012,NA,NA,NA,NA,NA,NA,NA,1,NA,0,0,NA,NA,NA,NA,NA,NA,NA
"Guiana FR",NA,"GUF.1.11_1","Saint Elie","municipality",2013,NA,NA,NA,NA,NA,NA,NA,1,NA,0,0,NA,NA,NA,NA,NA,NA,NA
"Guiana FR",NA,"GUF.1.11_1","Saint Elie","municipality",2014,NA,NA,NA,NA,NA,NA,NA,2,NA,0,0,NA,NA,NA,NA,NA,NA,NA
"Guiana FR",NA,"GUF.1.11_1","Saint Elie","municipality",2015,NA,NA,NA,NA,NA,NA,NA,1,NA,0,0,NA,NA,NA,NA,NA,NA,NA
"Guiana FR",NA,"GUF.1.11_1","Saint Elie","municipality",2016,NA,NA,NA,NA,NA,NA,NA,NA,NA,0,0,NA,NA,NA,NA,NA,NA,NA
"Guiana FR",NA,"GUF.1.11_1","Saint Elie","municipality",2017,NA,NA,NA,NA,NA,NA,NA,NA,NA,0,0,NA,NA,NA,NA,NA,NA,NA
"Guiana FR",NA,"GUF.1.11_1","Saint Elie","municipality",2018,NA,NA,NA,NA,NA,NA,NA,NA,NA,0,0,NA,NA,NA,NA,NA,NA,NA
"Guiana FR",NA,"GUF.1.11_1","Saint Elie","municipality",2019,NA,NA,NA,NA,NA,NA,NA,NA,NA,0,0,NA,NA,NA,NA,NA,NA,NA
"Guiana FR",NA,"GUF.1.11_1","Saint Elie","municipality",2020,NA,NA,NA,NA,NA,NA,NA,NA,NA,0,0,NA,NA,NA,NA,NA,NA,NA
"Guiana FR",NA,"GUF.1.11_1","Saint Elie","municipality",2021,NA,NA,NA,NA,NA,NA,NA,NA,NA,0,0,NA,NA,NA,NA,NA,NA,NA
"Guiana FR",NA,"GUF.1.11_1","Saint Elie","municipality",2022,NA,NA,NA,NA,NA,NA,NA,NA,NA,0,0,NA,NA,NA,NA,NA,NA,NA
"Guiana FR",NA,"GUF.1.11_1","Saint Elie","municipality",2023,NA,NA,NA,NA,NA,NA,NA,NA,NA,0,0,NA,NA,NA,NA,NA,NA,NA
"Guiana FR",NA,"GUF.1.12_1","Saint Georges","municipality",2006,0,1,1,2,1,42,9,2,302,0,0,0,367,2,9,25,0,55
"Guiana FR",NA,"GUF.1.12_1","Saint Georges","municipality",2007,0,1,2,1,6,99,3,2,356,0,0,1,398,1,7,5,0,143
"Guiana FR",NA,"GUF.1.12_1","Saint Georges","municipality",2008,0,0,2,1,4,102,2,2,372,0,0,0,365,0,3,8,0,133
"Guiana FR",NA,"GUF.1.12_1","Saint Georges","municipality",2009,0,3,3,0,2,85,3,8,341,0,0,0,537,1,3,14,0,170
"Guiana FR",NA,"GUF.1.12_1","Saint Georges","municipality",2010,0,2,3,0,6,109,7,10,231,0,0,0,549,3,10,11,0,170
"Guiana FR",NA,"GUF.1.12_1","Saint Georges","municipality",2011,0,1,3,0,9,81,4,11,211,0,0,1,591,0,32,7,0,162
"Guiana FR",NA,"GUF.1.12_1","Saint Georges","municipality",2012,0,0,5,0,7,98,1,8,157,0,0,2,612,4,7,6,0,137
"Guiana FR",NA,"GUF.1.12_1","Saint Georges","municipality",2013,0,2,3,0,1,48,0,5,94,0,0,1,376,1,7,17,0,109
"Guiana FR",NA,"GUF.1.12_1","Saint Georges","municipality",2014,0,2,1,0,2,43,1,8,42,0,0,0,331,0,7,35,0,62
"Guiana FR",NA,"GUF.1.12_1","Saint Georges","municipality",2015,0,0,5,1,12,86,4,4,77,0,0,0,680,2,11,46,0,109
"Guiana FR",NA,"GUF.1.12_1","Saint Georges","municipality",2016,0,2,2,1,14,55,6,19,42,0,0,1,607,1,31,113,0,114
"Guiana FR",NA,"GUF.1.12_1","Saint Georges","municipality",2017,0,1,2,3,7,157,10,7,192,0,0,1,548,2,74,116,1,79
"Guiana FR",NA,"GUF.1.12_1","Saint Georges","municipality",2018,0,0,7,1,7,52,23,13,142,0,0,1,733,5,44,56,0,88
"Guiana FR",NA,"GUF.1.12_1","Saint Georges","municipality",2019,0,5,12,2,10,46,12,9,39,0,0,0,480,6,84,36,0,68
"Guiana FR",NA,"GUF.1.12_1","Saint Georges","municipality",2020,0,1,13,0,14,34,2,36,15,0,0,0,283,5,30,28,0,53
"Guiana FR",NA,"GUF.1.12_1","Saint Georges","municipality",2021,0,3,19,0,10,45,8,12,8,0,0,1,345,4,14,58,0,84
"Guiana FR",NA,"GUF.1.12_1","Saint Georges","municipality",2022,0,10,17,0,7,45,2,10,6,0,0,0,383,3,35,84,1,92
"Guiana FR",NA,"GUF.1.12_1","Saint Georges","municipality",2023,0,7,14,0,6,31,7,14,33,0,0,0,419,9,27,44,1,43
"Guiana FR",NA,"GUF.2.7_1","Saint Laurent du Maroni","municipality",2006,NA,NA,NA,NA,NA,NA,NA,NA,NA,0,0,NA,NA,NA,NA,NA,NA,NA
"Guiana FR",NA,"GUF.2.7_1","Saint Laurent du Maroni","municipality",2007,NA,NA,NA,NA,NA,NA,NA,NA,NA,0,0,NA,NA,NA,NA,NA,NA,NA
"Guiana FR",NA,"GUF.2.7_1","Saint Laurent du Maroni","municipality",2008,NA,NA,NA,NA,NA,NA,NA,1,NA,0,0,NA,NA,NA,NA,NA,NA,NA
"Guiana FR",NA,"GUF.2.7_1","Saint Laurent du Maroni","municipality",2009,NA,NA,NA,NA,NA,NA,NA,0,NA,0,0,NA,NA,NA,NA,NA,NA,NA
"Guiana FR",NA,"GUF.2.7_1","Saint Laurent du Maroni","municipality",2010,NA,NA,NA,NA,NA,NA,NA,1,NA,0,0,NA,NA,NA,NA,NA,NA,NA
"Guiana FR",NA,"GUF.2.7_1","Saint Laurent du Maroni","municipality",2011,NA,NA,NA,NA,NA,NA,NA,1,NA,0,0,NA,NA,NA,NA,NA,NA,NA
"Guiana FR",NA,"GUF.2.7_1","Saint Laurent du Maroni","municipality",2012,NA,NA,NA,NA,NA,NA,NA,1,NA,0,0,NA,NA,NA,NA,NA,NA,NA
"Guiana FR",NA,"GUF.2.7_1","Saint Laurent du Maroni","municipality",2013,NA,NA,NA,NA,NA,NA,NA,1,NA,0,0,NA,NA,NA,NA,NA,NA,NA
"Guiana FR",NA,"GUF.2.7_1","Saint Laurent du Maroni","municipality",2014,NA,NA,NA,NA,NA,NA,NA,3,NA,0,0,NA,NA,NA,NA,NA,NA,NA
"Guiana FR",NA,"GUF.2.7_1","Saint Laurent du Maroni","municipality",2015,NA,NA,NA,NA,NA,NA,NA,1,NA,0,0,NA,NA,NA,NA,NA,NA,NA
"Guiana FR",NA,"GUF.2.7_1","Saint Laurent du Maroni","municipality",2016,NA,NA,NA,NA,NA,NA,NA,NA,NA,0,0,NA,NA,NA,NA,NA,NA,NA
"Guiana FR",NA,"GUF.2.7_1","Saint Laurent du Maroni","municipality",2017,NA,NA,NA,NA,NA,NA,NA,NA,NA,0,0,NA,NA,NA,NA,NA,NA,NA
"Guiana FR",NA,"GUF.2.7_1","Saint Laurent du Maroni","municipality",2018,NA,NA,NA,NA,NA,NA,NA,NA,NA,0,0,NA,NA,NA,NA,NA,NA,NA
"Guiana FR",NA,"GUF.2.7_1","Saint Laurent du Maroni","municipality",2019,NA,NA,NA,NA,NA,NA,NA,NA,NA,0,0,NA,NA,NA,NA,NA,NA,NA
"Guiana FR",NA,"GUF.2.7_1","Saint Laurent du Maroni","municipality",2020,NA,NA,NA,NA,NA,NA,NA,NA,NA,0,0,NA,NA,NA,NA,NA,NA,NA
"Guiana FR",NA,"GUF.2.7_1","Saint Laurent du Maroni","municipality",2021,NA,NA,NA,NA,NA,NA,NA,NA,NA,0,0,NA,NA,NA,NA,NA,NA,NA
"Guiana FR",NA,"GUF.2.7_1","Saint Laurent du Maroni","municipality",2022,NA,NA,NA,NA,NA,NA,NA,NA,NA,0,0,NA,NA,NA,NA,NA,NA,NA
"Guiana FR",NA,"GUF.2.7_1","Saint Laurent du Maroni","municipality",2023,NA,NA,NA,NA,NA,NA,NA,NA,NA,0,0,NA,NA,NA,NA,NA,NA,NA
"Guiana FR",NA,"GUF.2.8_1","Saul","municipality",2006,0,0,0,0,1,3,6,2,14,0,0,0,22,0,2,0,0,6
"Guiana FR",NA,"GUF.2.8_1","Saul","municipality",2007,0,1,0,0,2,8,5,4,21,0,0,1,24,1,2,0,0,12
"Guiana FR",NA,"GUF.2.8_1","Saul","municipality",2008,0,0,0,0,0,9,6,5,105,0,0,0,26,0,1,2,0,8
"Guiana FR",NA,"GUF.2.8_1","Saul","municipality",2009,0,0,0,0,2,11,0,4,83,0,0,0,29,2,3,3,0,15
"Guiana FR",NA,"GUF.2.8_1","Saul","municipality",2010,0,0,0,0,1,20,2,4,31,0,0,0,42,0,2,2,0,14
"Guiana FR",NA,"GUF.2.8_1","Saul","municipality",2011,0,0,0,0,0,14,3,7,13,0,0,0,35,0,2,1,0,14
"Guiana FR",NA,"GUF.2.8_1","Saul","municipality",2012,0,0,0,0,2,3,0,2,1,0,0,0,8,0,0,1,0,5
"Guiana FR",NA,"GUF.2.8_1","Saul","municipality",2013,0,0,0,0,0,5,4,4,3,0,0,0,11,0,2,2,0,10
"Guiana FR",NA,"GUF.2.8_1","Saul","municipality",2014,0,0,1,0,0,5,1,4,1,0,0,0,10,0,0,1,0,8
"Guiana FR",NA,"GUF.2.8_1","Saul","municipality",2015,0,0,0,0,0,6,0,0,1,0,0,0,19,0,0,0,0,13
"Guiana FR",NA,"GUF.2.8_1","Saul","municipality",2016,0,0,0,0,2,5,0,6,0,0,0,0,27,0,1,1,0,3
"Guiana FR",NA,"GUF.2.8_1","Saul","municipality",2017,0,0,0,0,0,1,0,0,3,0,0,1,4,0,0,0,0,2
"Guiana FR",NA,"GUF.2.8_1","Saul","municipality",2018,0,0,0,0,1,3,0,3,0,0,0,1,4,0,4,0,0,5
"Guiana FR",NA,"GUF.2.8_1","Saul","municipality",2019,0,0,0,0,0,1,1,0,0,0,0,0,5,1,0,0,0,2
"Guiana FR",NA,"GUF.2.8_1","Saul","municipality",2020,0,0,0,0,0,3,0,1,1,0,0,0,0,0,0,0,0,1
"Guiana FR",NA,"GUF.2.8_1","Saul","municipality",2021,0,0,0,0,1,4,1,0,0,0,0,0,3,0,0,1,0,5
"Guiana FR",NA,"GUF.2.8_1","Saul","municipality",2022,0,0,0,0,0,0,0,0,0,0,0,0,2,0,0,1,0,1
"Guiana FR",NA,"GUF.2.8_1","Saul","municipality",2023,0,0,0,0,1,3,0,0,0,0,0,0,2,0,0,0,0,1
"Guiana FR",NA,"GUF.1.13_1","Sinnamary","municipality",2006,NA,NA,NA,NA,NA,NA,NA,NA,NA,0,0,NA,NA,NA,NA,NA,NA,NA
"Guiana FR",NA,"GUF.1.13_1","Sinnamary","municipality",2007,NA,NA,NA,NA,NA,NA,NA,NA,NA,0,0,NA,NA,NA,NA,NA,NA,NA
"Guiana FR",NA,"GUF.1.13_1","Sinnamary","municipality",2008,NA,NA,NA,NA,NA,NA,NA,0,NA,0,0,NA,NA,NA,NA,NA,NA,NA
"Guiana FR",NA,"GUF.1.13_1","Sinnamary","municipality",2009,NA,NA,NA,NA,NA,NA,NA,2,NA,0,0,NA,NA,NA,NA,NA,NA,NA
"Guiana FR",NA,"GUF.1.13_1","Sinnamary","municipality",2010,NA,NA,NA,NA,NA,NA,NA,2,NA,0,0,NA,NA,NA,NA,NA,NA,NA
"Guiana FR",NA,"GUF.1.13_1","Sinnamary","municipality",2011,NA,NA,NA,NA,NA,NA,NA,0,NA,0,0,NA,NA,NA,NA,NA,NA,NA
"Guiana FR",NA,"GUF.1.13_1","Sinnamary","municipality",2012,NA,NA,NA,NA,NA,NA,NA,0,NA,0,0,NA,NA,NA,NA,NA,NA,NA
"Guiana FR",NA,"GUF.1.13_1","Sinnamary","municipality",2013,NA,NA,NA,NA,NA,NA,NA,2,NA,0,0,NA,NA,NA,NA,NA,NA,NA
"Guiana FR",NA,"GUF.1.13_1","Sinnamary","municipality",2014,NA,NA,NA,NA,NA,NA,NA,0,NA,0,0,NA,NA,NA,NA,NA,NA,NA
"Guiana FR",NA,"GUF.1.13_1","Sinnamary","municipality",2015,NA,NA,NA,NA,NA,NA,NA,3,NA,0,0,NA,NA,NA,NA,NA,NA,NA
"Guiana FR",NA,"GUF.1.13_1","Sinnamary","municipality",2016,NA,NA,NA,NA,NA,NA,NA,NA,NA,0,0,NA,NA,NA,NA,NA,NA,NA
"Guiana FR",NA,"GUF.1.13_1","Sinnamary","municipality",2017,NA,NA,NA,NA,NA,NA,NA,NA,NA,1,0,NA,NA,NA,NA,NA,NA,NA
"Guiana FR",NA,"GUF.1.13_1","Sinnamary","municipality",2018,NA,NA,NA,NA,NA,NA,NA,NA,NA,0,0,NA,NA,NA,NA,NA,NA,NA
"Guiana FR",NA,"GUF.1.13_1","Sinnamary","municipality",2019,NA,NA,NA,NA,NA,NA,NA,NA,NA,0,0,NA,NA,NA,NA,NA,NA,NA
"Guiana FR",NA,"GUF.1.13_1","Sinnamary","municipality",2020,NA,NA,NA,NA,NA,NA,NA,NA,NA,0,0,NA,NA,NA,NA,NA,NA,NA
"Guiana FR",NA,"GUF.1.13_1","Sinnamary","municipality",2021,NA,NA,NA,NA,NA,NA,NA,NA,NA,0,0,NA,NA,NA,NA,NA,NA,NA
"Guiana FR",NA,"GUF.1.13_1","Sinnamary","municipality",2022,NA,NA,NA,NA,NA,NA,NA,NA,NA,0,0,NA,NA,NA,NA,NA,NA,NA
"Guiana FR",NA,"GUF.1.13_1","Sinnamary","municipality",2023,NA,NA,NA,NA,NA,NA,NA,NA,NA,0,0,NA,NA,NA,NA,NA,NA,NA
