"country","department","municipality","scale","COD","year","malaria_pVivax","malaria_pFalci"
"Venezuela","Bolivar/CARONI","ONCE DE ABRIL","parroquia","VE070104",1995,0,0
"Venezuela","Bolivar/PADRE PEDRO CHIEN","C. P. P. CHIEN","parroquia","VE071101",1995,0,0
"Venezuela","Bolivar/CARONI","SIMON BOLIVAR","parroquia","VE070105",1995,0,0
"Venezuela","Bolivar/CARONI","VISTA AL SOL","parroquia","VE070108",1995,0,0
"Venezuela","Bolivar/CARONI","YOCOIMA","parroquia","VE070110",1995,0,0
"Venezuela","Bolivar/PIAR","SECCION CAPITAL PIAR","parroquia","VE070601",1995,0,0
"Venezuela","Bolivar/CARONI","CHIRICA","parroquia","VE070102",1995,0,0
"Venezuela","Bolivar/CARONI","DALLA COSTA","parroquia","VE070103",1995,0,0
"Venezuela","Bolivar/CARONI","UNARE","parroquia","VE070106",1995,0,0
"Venezuela","Bolivar/HERES","PANAPANA","parroquia","VE070508",1995,0,0
"Venezuela","Bolivar/CARONI","CACHAMAY","parroquia","VE070101",1995,0,0
"Venezuela","Bolivar/CARONI","UNIVERSIDAD","parroquia","VE070107",1995,0,0
"Venezuela","Bolivar/CARONI","POZO VERDE","parroquia","VE070109",1995,0,0
"Venezuela","Bolivar/HERES","MARHUANTA","parroquia","VE070505",1995,0,0
"Venezuela","Bolivar/HERES","ORINOCO","parroquia","VE070507",1995,0,0
"Venezuela","Bolivar/HERES","CATEDRAL","parroquia","VE070502",1995,0,0
"Venezuela","Bolivar/HERES","AGUA SALADA","parroquia","VE070501",1995,0,0
"Venezuela","Bolivar/HERES","LA SABANITA","parroquia","VE070504",1995,0,0
"Venezuela","Bolivar/HERES","VISTA HERMOSA","parroquia","VE070506",1995,0,0
"Venezuela","Bolivar/SUCRE","MOITACO","parroquia","VE071005",1995,0,0
"Venezuela","Bolivar/HERES","JOSE ANTONIO PAEZ","parroquia","VE070503",1995,0,0
"Venezuela","Bolivar/PIAR","A. E. BLANCO","parroquia","VE070602",1995,0,0
"Venezuela","Bolivar/HERES","ZEA","parroquia","VE070509",1995,0,0
"Venezuela","Bolivar/SIFONTES","SECCION CAPITAL SIFONTES","parroquia","VE070901",1995,414,364
"Venezuela","Bolivar/RAUL LEONI","S. C. RAUL LEONI","parroquia","VE070701",1995,0,0
"Venezuela","Bolivar/ROSCIO","SALOM","parroquia","VE070802",1995,0,0
"Venezuela","Bolivar/CEDEÑO","ALTAGRACIA","parroquia","VE070202",1995,0,0
"Venezuela","Bolivar/CEDEÑO","ASCENCION FARRERAS","parroquia","VE070203",1995,169,51
"Venezuela","Bolivar/PIAR","PEDRO COVA","parroquia","VE070603",1995,0,0
"Venezuela","Bolivar/ROSCIO","S. C. ROSCIO","parroquia","VE070801",1995,0,0
"Venezuela","Bolivar/SUCRE","LAS MAJADAS","parroquia","VE071004",1995,733,0
"Venezuela","Bolivar/CEDEÑO","SECCION CAPITAL CEDEÑO","parroquia","VE070201",1995,199,50
"Venezuela","Bolivar/EL CALLAO","C. EL CALLAO","parroquia","VE070301",1995,44,9
"Venezuela","Bolivar/RAUL LEONI","SANTA BARBARA","parroquia","VE070704",1995,0,0
"Venezuela","Bolivar/SUCRE","GUARATARO","parroquia","VE071003",1995,0,0
"Venezuela","Bolivar/SUCRE","S. C. SUCRE","parroquia","VE071001",1995,0,0
"Venezuela","Bolivar/RAUL LEONI","SAN FRANCISCO","parroquia","VE070703",1995,0,0
"Venezuela","Bolivar/SUCRE","ARIPAO","parroquia","VE071002",1995,0,0
"Venezuela","Bolivar/CEDEÑO","LA URBANA","parroquia","VE070205",1995,159,20
"Venezuela","Bolivar/SIFONTES","DALLA COSTA","parroquia","VE070902",1995,1270,1270
"Venezuela","Bolivar/CEDEÑO","GUANIAMO","parroquia","VE070204",1995,0,0
"Venezuela","Bolivar/RAUL LEONI","BARCELONETA","parroquia","VE070702",1995,2452,472
"Venezuela","Bolivar/CEDEÑO","PIJIGUAOS","parroquia","VE070206",1995,0,0
"Venezuela","Bolivar/SIFONTES","SAN ISIDRO","parroquia","VE070903",1995,0,0
"Venezuela","Bolivar/GRAN SABANA","SECCION CAPITAL GRAN SABANA","parroquia","VE070401",1995,1268,275
"Venezuela","Bolivar/GRAN SABANA","IKABARU","parroquia","VE070402",1995,0,0
"Venezuela","Bolivar/CARONI","ONCE DE ABRIL","parroquia","VE070104",1996,0,0
"Venezuela","Bolivar/PADRE PEDRO CHIEN","C. P. P. CHIEN","parroquia","VE071101",1996,0,0
"Venezuela","Bolivar/CARONI","SIMON BOLIVAR","parroquia","VE070105",1996,0,0
"Venezuela","Bolivar/CARONI","VISTA AL SOL","parroquia","VE070108",1996,0,0
"Venezuela","Bolivar/CARONI","YOCOIMA","parroquia","VE070110",1996,0,0
"Venezuela","Bolivar/PIAR","SECCION CAPITAL PIAR","parroquia","VE070601",1996,0,0
"Venezuela","Bolivar/CARONI","CHIRICA","parroquia","VE070102",1996,0,0
"Venezuela","Bolivar/CARONI","DALLA COSTA","parroquia","VE070103",1996,0,0
"Venezuela","Bolivar/CARONI","UNARE","parroquia","VE070106",1996,0,0
"Venezuela","Bolivar/HERES","PANAPANA","parroquia","VE070508",1996,0,0
"Venezuela","Bolivar/CARONI","CACHAMAY","parroquia","VE070101",1996,0,0
"Venezuela","Bolivar/CARONI","UNIVERSIDAD","parroquia","VE070107",1996,0,0
"Venezuela","Bolivar/CARONI","POZO VERDE","parroquia","VE070109",1996,0,0
"Venezuela","Bolivar/HERES","MARHUANTA","parroquia","VE070505",1996,0,0
"Venezuela","Bolivar/HERES","ORINOCO","parroquia","VE070507",1996,0,0
"Venezuela","Bolivar/HERES","CATEDRAL","parroquia","VE070502",1996,0,0
"Venezuela","Bolivar/HERES","AGUA SALADA","parroquia","VE070501",1996,0,0
"Venezuela","Bolivar/HERES","LA SABANITA","parroquia","VE070504",1996,0,0
"Venezuela","Bolivar/HERES","VISTA HERMOSA","parroquia","VE070506",1996,0,0
"Venezuela","Bolivar/SUCRE","MOITACO","parroquia","VE071005",1996,0,0
"Venezuela","Bolivar/HERES","JOSE ANTONIO PAEZ","parroquia","VE070503",1996,0,0
"Venezuela","Bolivar/PIAR","A. E. BLANCO","parroquia","VE070602",1996,0,0
"Venezuela","Bolivar/HERES","ZEA","parroquia","VE070509",1996,0,0
"Venezuela","Bolivar/SIFONTES","SECCION CAPITAL SIFONTES","parroquia","VE070901",1996,1,0
"Venezuela","Bolivar/RAUL LEONI","S. C. RAUL LEONI","parroquia","VE070701",1996,0,0
"Venezuela","Bolivar/ROSCIO","SALOM","parroquia","VE070802",1996,0,0
"Venezuela","Bolivar/CEDEÑO","ALTAGRACIA","parroquia","VE070202",1996,16,4
"Venezuela","Bolivar/CEDEÑO","ASCENCION FARRERAS","parroquia","VE070203",1996,137,82
"Venezuela","Bolivar/PIAR","PEDRO COVA","parroquia","VE070603",1996,1,0
"Venezuela","Bolivar/ROSCIO","S. C. ROSCIO","parroquia","VE070801",1996,0,0
"Venezuela","Bolivar/SUCRE","LAS MAJADAS","parroquia","VE071004",1996,508,0
"Venezuela","Bolivar/CEDEÑO","SECCION CAPITAL CEDEÑO","parroquia","VE070201",1996,162,60
"Venezuela","Bolivar/EL CALLAO","C. EL CALLAO","parroquia","VE070301",1996,0,0
"Venezuela","Bolivar/RAUL LEONI","SANTA BARBARA","parroquia","VE070704",1996,0,0
"Venezuela","Bolivar/SUCRE","GUARATARO","parroquia","VE071003",1996,0,0
"Venezuela","Bolivar/SUCRE","S. C. SUCRE","parroquia","VE071001",1996,0,0
"Venezuela","Bolivar/RAUL LEONI","SAN FRANCISCO","parroquia","VE070703",1996,0,0
"Venezuela","Bolivar/SUCRE","ARIPAO","parroquia","VE071002",1996,0,0
"Venezuela","Bolivar/CEDEÑO","LA URBANA","parroquia","VE070205",1996,222,5
"Venezuela","Bolivar/SIFONTES","DALLA COSTA","parroquia","VE070902",1996,0,0
"Venezuela","Bolivar/CEDEÑO","GUANIAMO","parroquia","VE070204",1996,0,0
"Venezuela","Bolivar/RAUL LEONI","BARCELONETA","parroquia","VE070702",1996,2068,444
"Venezuela","Bolivar/CEDEÑO","PIJIGUAOS","parroquia","VE070206",1996,0,0
"Venezuela","Bolivar/SIFONTES","SAN ISIDRO","parroquia","VE070903",1996,557,0
"Venezuela","Bolivar/GRAN SABANA","SECCION CAPITAL GRAN SABANA","parroquia","VE070401",1996,827,250
"Venezuela","Bolivar/GRAN SABANA","IKABARU","parroquia","VE070402",1996,0,0
"Venezuela","Bolivar/CARONI","ONCE DE ABRIL","parroquia","VE070104",1997,0,0
"Venezuela","Bolivar/PADRE PEDRO CHIEN","C. P. P. CHIEN","parroquia","VE071101",1997,0,0
"Venezuela","Bolivar/CARONI","SIMON BOLIVAR","parroquia","VE070105",1997,0,0
"Venezuela","Bolivar/CARONI","VISTA AL SOL","parroquia","VE070108",1997,0,0
"Venezuela","Bolivar/CARONI","YOCOIMA","parroquia","VE070110",1997,0,0
"Venezuela","Bolivar/PIAR","SECCION CAPITAL PIAR","parroquia","VE070601",1997,0,0
"Venezuela","Bolivar/CARONI","CHIRICA","parroquia","VE070102",1997,0,0
"Venezuela","Bolivar/CARONI","DALLA COSTA","parroquia","VE070103",1997,0,0
"Venezuela","Bolivar/CARONI","UNARE","parroquia","VE070106",1997,0,0
"Venezuela","Bolivar/HERES","PANAPANA","parroquia","VE070508",1997,0,0
"Venezuela","Bolivar/CARONI","CACHAMAY","parroquia","VE070101",1997,0,0
"Venezuela","Bolivar/CARONI","UNIVERSIDAD","parroquia","VE070107",1997,0,0
"Venezuela","Bolivar/CARONI","POZO VERDE","parroquia","VE070109",1997,0,0
"Venezuela","Bolivar/HERES","MARHUANTA","parroquia","VE070505",1997,0,0
"Venezuela","Bolivar/HERES","ORINOCO","parroquia","VE070507",1997,0,0
"Venezuela","Bolivar/HERES","CATEDRAL","parroquia","VE070502",1997,0,0
"Venezuela","Bolivar/HERES","AGUA SALADA","parroquia","VE070501",1997,0,0
"Venezuela","Bolivar/HERES","LA SABANITA","parroquia","VE070504",1997,0,0
"Venezuela","Bolivar/HERES","VISTA HERMOSA","parroquia","VE070506",1997,0,0
"Venezuela","Bolivar/SUCRE","MOITACO","parroquia","VE071005",1997,0,0
"Venezuela","Bolivar/HERES","JOSE ANTONIO PAEZ","parroquia","VE070503",1997,0,0
"Venezuela","Bolivar/PIAR","A. E. BLANCO","parroquia","VE070602",1997,0,0
"Venezuela","Bolivar/HERES","ZEA","parroquia","VE070509",1997,0,0
"Venezuela","Bolivar/SIFONTES","SECCION CAPITAL SIFONTES","parroquia","VE070901",1997,0,0
"Venezuela","Bolivar/RAUL LEONI","S. C. RAUL LEONI","parroquia","VE070701",1997,0,0
"Venezuela","Bolivar/ROSCIO","SALOM","parroquia","VE070802",1997,0,0
"Venezuela","Bolivar/CEDEÑO","ALTAGRACIA","parroquia","VE070202",1997,2,2
"Venezuela","Bolivar/CEDEÑO","ASCENCION FARRERAS","parroquia","VE070203",1997,89,139
"Venezuela","Bolivar/PIAR","PEDRO COVA","parroquia","VE070603",1997,0,0
"Venezuela","Bolivar/ROSCIO","S. C. ROSCIO","parroquia","VE070801",1997,0,0
"Venezuela","Bolivar/SUCRE","LAS MAJADAS","parroquia","VE071004",1997,859,0
"Venezuela","Bolivar/CEDEÑO","SECCION CAPITAL CEDEÑO","parroquia","VE070201",1997,141,161
"Venezuela","Bolivar/EL CALLAO","C. EL CALLAO","parroquia","VE070301",1997,0,0
"Venezuela","Bolivar/RAUL LEONI","SANTA BARBARA","parroquia","VE070704",1997,0,0
"Venezuela","Bolivar/SUCRE","GUARATARO","parroquia","VE071003",1997,0,0
"Venezuela","Bolivar/SUCRE","S. C. SUCRE","parroquia","VE071001",1997,0,0
"Venezuela","Bolivar/RAUL LEONI","SAN FRANCISCO","parroquia","VE070703",1997,0,0
"Venezuela","Bolivar/SUCRE","ARIPAO","parroquia","VE071002",1997,0,0
"Venezuela","Bolivar/CEDEÑO","LA URBANA","parroquia","VE070205",1997,104,28
"Venezuela","Bolivar/SIFONTES","DALLA COSTA","parroquia","VE070902",1997,2,4
"Venezuela","Bolivar/CEDEÑO","GUANIAMO","parroquia","VE070204",1997,0,0
"Venezuela","Bolivar/RAUL LEONI","BARCELONETA","parroquia","VE070702",1997,1076,305
"Venezuela","Bolivar/CEDEÑO","PIJIGUAOS","parroquia","VE070206",1997,0,0
"Venezuela","Bolivar/SIFONTES","SAN ISIDRO","parroquia","VE070903",1997,125,0
"Venezuela","Bolivar/GRAN SABANA","SECCION CAPITAL GRAN SABANA","parroquia","VE070401",1997,792,294
"Venezuela","Bolivar/GRAN SABANA","IKABARU","parroquia","VE070402",1997,0,0
"Venezuela","Bolivar/CARONI","ONCE DE ABRIL","parroquia","VE070104",1998,0,0
"Venezuela","Bolivar/PADRE PEDRO CHIEN","C. P. P. CHIEN","parroquia","VE071101",1998,0,0
"Venezuela","Bolivar/CARONI","SIMON BOLIVAR","parroquia","VE070105",1998,0,0
"Venezuela","Bolivar/CARONI","VISTA AL SOL","parroquia","VE070108",1998,0,0
"Venezuela","Bolivar/CARONI","YOCOIMA","parroquia","VE070110",1998,0,0
"Venezuela","Bolivar/PIAR","SECCION CAPITAL PIAR","parroquia","VE070601",1998,0,0
"Venezuela","Bolivar/CARONI","CHIRICA","parroquia","VE070102",1998,0,0
"Venezuela","Bolivar/CARONI","DALLA COSTA","parroquia","VE070103",1998,0,0
"Venezuela","Bolivar/CARONI","UNARE","parroquia","VE070106",1998,0,0
"Venezuela","Bolivar/HERES","PANAPANA","parroquia","VE070508",1998,0,0
"Venezuela","Bolivar/CARONI","CACHAMAY","parroquia","VE070101",1998,0,0
"Venezuela","Bolivar/CARONI","UNIVERSIDAD","parroquia","VE070107",1998,0,0
"Venezuela","Bolivar/CARONI","POZO VERDE","parroquia","VE070109",1998,0,0
"Venezuela","Bolivar/HERES","MARHUANTA","parroquia","VE070505",1998,0,0
"Venezuela","Bolivar/HERES","ORINOCO","parroquia","VE070507",1998,0,0
"Venezuela","Bolivar/HERES","CATEDRAL","parroquia","VE070502",1998,0,0
"Venezuela","Bolivar/HERES","AGUA SALADA","parroquia","VE070501",1998,0,0
"Venezuela","Bolivar/HERES","LA SABANITA","parroquia","VE070504",1998,0,0
"Venezuela","Bolivar/HERES","VISTA HERMOSA","parroquia","VE070506",1998,0,0
"Venezuela","Bolivar/SUCRE","MOITACO","parroquia","VE071005",1998,0,0
"Venezuela","Bolivar/HERES","JOSE ANTONIO PAEZ","parroquia","VE070503",1998,0,0
"Venezuela","Bolivar/PIAR","A. E. BLANCO","parroquia","VE070602",1998,0,0
"Venezuela","Bolivar/HERES","ZEA","parroquia","VE070509",1998,0,0
"Venezuela","Bolivar/SIFONTES","SECCION CAPITAL SIFONTES","parroquia","VE070901",1998,0,0
"Venezuela","Bolivar/RAUL LEONI","S. C. RAUL LEONI","parroquia","VE070701",1998,0,0
"Venezuela","Bolivar/ROSCIO","SALOM","parroquia","VE070802",1998,0,0
"Venezuela","Bolivar/CEDEÑO","ALTAGRACIA","parroquia","VE070202",1998,0,0
"Venezuela","Bolivar/CEDEÑO","ASCENCION FARRERAS","parroquia","VE070203",1998,126,243
"Venezuela","Bolivar/PIAR","PEDRO COVA","parroquia","VE070603",1998,140,133
"Venezuela","Bolivar/ROSCIO","S. C. ROSCIO","parroquia","VE070801",1998,0,0
"Venezuela","Bolivar/SUCRE","LAS MAJADAS","parroquia","VE071004",1998,502,516
"Venezuela","Bolivar/CEDEÑO","SECCION CAPITAL CEDEÑO","parroquia","VE070201",1998,67,106
"Venezuela","Bolivar/EL CALLAO","C. EL CALLAO","parroquia","VE070301",1998,0,0
"Venezuela","Bolivar/RAUL LEONI","SANTA BARBARA","parroquia","VE070704",1998,0,0
"Venezuela","Bolivar/SUCRE","GUARATARO","parroquia","VE071003",1998,0,0
"Venezuela","Bolivar/SUCRE","S. C. SUCRE","parroquia","VE071001",1998,0,0
"Venezuela","Bolivar/RAUL LEONI","SAN FRANCISCO","parroquia","VE070703",1998,0,0
"Venezuela","Bolivar/SUCRE","ARIPAO","parroquia","VE071002",1998,2,0
"Venezuela","Bolivar/CEDEÑO","LA URBANA","parroquia","VE070205",1998,87,22
"Venezuela","Bolivar/SIFONTES","DALLA COSTA","parroquia","VE070902",1998,2184,1694
"Venezuela","Bolivar/CEDEÑO","GUANIAMO","parroquia","VE070204",1998,0,0
"Venezuela","Bolivar/RAUL LEONI","BARCELONETA","parroquia","VE070702",1998,690,243
"Venezuela","Bolivar/CEDEÑO","PIJIGUAOS","parroquia","VE070206",1998,0,0
"Venezuela","Bolivar/SIFONTES","SAN ISIDRO","parroquia","VE070903",1998,0,0
"Venezuela","Bolivar/GRAN SABANA","SECCION CAPITAL GRAN SABANA","parroquia","VE070401",1998,1493,535
"Venezuela","Bolivar/GRAN SABANA","IKABARU","parroquia","VE070402",1998,0,0
"Venezuela","Bolivar/CARONI","ONCE DE ABRIL","parroquia","VE070104",1999,0,0
"Venezuela","Bolivar/PADRE PEDRO CHIEN","C. P. P. CHIEN","parroquia","VE071101",1999,0,0
"Venezuela","Bolivar/CARONI","SIMON BOLIVAR","parroquia","VE070105",1999,0,0
"Venezuela","Bolivar/CARONI","VISTA AL SOL","parroquia","VE070108",1999,0,0
"Venezuela","Bolivar/CARONI","YOCOIMA","parroquia","VE070110",1999,0,0
"Venezuela","Bolivar/PIAR","SECCION CAPITAL PIAR","parroquia","VE070601",1999,0,0
"Venezuela","Bolivar/CARONI","CHIRICA","parroquia","VE070102",1999,0,0
"Venezuela","Bolivar/CARONI","DALLA COSTA","parroquia","VE070103",1999,0,0
"Venezuela","Bolivar/CARONI","UNARE","parroquia","VE070106",1999,0,0
"Venezuela","Bolivar/HERES","PANAPANA","parroquia","VE070508",1999,0,0
"Venezuela","Bolivar/CARONI","CACHAMAY","parroquia","VE070101",1999,0,0
"Venezuela","Bolivar/CARONI","UNIVERSIDAD","parroquia","VE070107",1999,0,0
"Venezuela","Bolivar/CARONI","POZO VERDE","parroquia","VE070109",1999,0,0
"Venezuela","Bolivar/HERES","MARHUANTA","parroquia","VE070505",1999,0,0
"Venezuela","Bolivar/HERES","ORINOCO","parroquia","VE070507",1999,0,0
"Venezuela","Bolivar/HERES","CATEDRAL","parroquia","VE070502",1999,0,0
"Venezuela","Bolivar/HERES","AGUA SALADA","parroquia","VE070501",1999,1,1
"Venezuela","Bolivar/HERES","LA SABANITA","parroquia","VE070504",1999,0,0
"Venezuela","Bolivar/HERES","VISTA HERMOSA","parroquia","VE070506",1999,0,0
"Venezuela","Bolivar/SUCRE","MOITACO","parroquia","VE071005",1999,3,0
"Venezuela","Bolivar/HERES","JOSE ANTONIO PAEZ","parroquia","VE070503",1999,0,0
"Venezuela","Bolivar/PIAR","A. E. BLANCO","parroquia","VE070602",1999,0,0
"Venezuela","Bolivar/HERES","ZEA","parroquia","VE070509",1999,0,0
"Venezuela","Bolivar/SIFONTES","SECCION CAPITAL SIFONTES","parroquia","VE070901",1999,3,3
"Venezuela","Bolivar/RAUL LEONI","S. C. RAUL LEONI","parroquia","VE070701",1999,0,0
"Venezuela","Bolivar/ROSCIO","SALOM","parroquia","VE070802",1999,0,0
"Venezuela","Bolivar/CEDEÑO","ALTAGRACIA","parroquia","VE070202",1999,0,1
"Venezuela","Bolivar/CEDEÑO","ASCENCION FARRERAS","parroquia","VE070203",1999,72,189
"Venezuela","Bolivar/PIAR","PEDRO COVA","parroquia","VE070603",1999,165,164
"Venezuela","Bolivar/ROSCIO","S. C. ROSCIO","parroquia","VE070801",1999,0,0
"Venezuela","Bolivar/SUCRE","LAS MAJADAS","parroquia","VE071004",1999,342,305
"Venezuela","Bolivar/CEDEÑO","SECCION CAPITAL CEDEÑO","parroquia","VE070201",1999,120,110
"Venezuela","Bolivar/EL CALLAO","C. EL CALLAO","parroquia","VE070301",1999,0,0
"Venezuela","Bolivar/RAUL LEONI","SANTA BARBARA","parroquia","VE070704",1999,0,0
"Venezuela","Bolivar/SUCRE","GUARATARO","parroquia","VE071003",1999,0,0
"Venezuela","Bolivar/SUCRE","S. C. SUCRE","parroquia","VE071001",1999,1,3
"Venezuela","Bolivar/RAUL LEONI","SAN FRANCISCO","parroquia","VE070703",1999,0,0
"Venezuela","Bolivar/SUCRE","ARIPAO","parroquia","VE071002",1999,5,1
"Venezuela","Bolivar/CEDEÑO","LA URBANA","parroquia","VE070205",1999,79,87
"Venezuela","Bolivar/SIFONTES","DALLA COSTA","parroquia","VE070902",1999,2641,271
"Venezuela","Bolivar/CEDEÑO","GUANIAMO","parroquia","VE070204",1999,0,0
"Venezuela","Bolivar/RAUL LEONI","BARCELONETA","parroquia","VE070702",1999,477,174
"Venezuela","Bolivar/CEDEÑO","PIJIGUAOS","parroquia","VE070206",1999,0,0
"Venezuela","Bolivar/SIFONTES","SAN ISIDRO","parroquia","VE070903",1999,30,120
"Venezuela","Bolivar/GRAN SABANA","SECCION CAPITAL GRAN SABANA","parroquia","VE070401",1999,216,83
"Venezuela","Bolivar/GRAN SABANA","IKABARU","parroquia","VE070402",1999,0,0
"Venezuela","Bolivar/CARONI","ONCE DE ABRIL","parroquia","VE070104",2000,0,0
"Venezuela","Bolivar/PADRE PEDRO CHIEN","C. P. P. CHIEN","parroquia","VE071101",2000,0,0
"Venezuela","Bolivar/CARONI","SIMON BOLIVAR","parroquia","VE070105",2000,0,0
"Venezuela","Bolivar/CARONI","VISTA AL SOL","parroquia","VE070108",2000,0,0
"Venezuela","Bolivar/CARONI","YOCOIMA","parroquia","VE070110",2000,0,0
"Venezuela","Bolivar/PIAR","SECCION CAPITAL PIAR","parroquia","VE070601",2000,0,0
"Venezuela","Bolivar/CARONI","CHIRICA","parroquia","VE070102",2000,0,0
"Venezuela","Bolivar/CARONI","DALLA COSTA","parroquia","VE070103",2000,0,0
"Venezuela","Bolivar/CARONI","UNARE","parroquia","VE070106",2000,0,0
"Venezuela","Bolivar/HERES","PANAPANA","parroquia","VE070508",2000,0,0
"Venezuela","Bolivar/CARONI","CACHAMAY","parroquia","VE070101",2000,0,0
"Venezuela","Bolivar/CARONI","UNIVERSIDAD","parroquia","VE070107",2000,0,0
"Venezuela","Bolivar/CARONI","POZO VERDE","parroquia","VE070109",2000,0,0
"Venezuela","Bolivar/HERES","MARHUANTA","parroquia","VE070505",2000,0,0
"Venezuela","Bolivar/HERES","ORINOCO","parroquia","VE070507",2000,0,0
"Venezuela","Bolivar/HERES","CATEDRAL","parroquia","VE070502",2000,0,0
"Venezuela","Bolivar/HERES","AGUA SALADA","parroquia","VE070501",2000,0,0
"Venezuela","Bolivar/HERES","LA SABANITA","parroquia","VE070504",2000,0,0
"Venezuela","Bolivar/HERES","VISTA HERMOSA","parroquia","VE070506",2000,0,0
"Venezuela","Bolivar/SUCRE","MOITACO","parroquia","VE071005",2000,0,0
"Venezuela","Bolivar/HERES","JOSE ANTONIO PAEZ","parroquia","VE070503",2000,0,0
"Venezuela","Bolivar/PIAR","A. E. BLANCO","parroquia","VE070602",2000,0,0
"Venezuela","Bolivar/HERES","ZEA","parroquia","VE070509",2000,0,0
"Venezuela","Bolivar/SIFONTES","SECCION CAPITAL SIFONTES","parroquia","VE070901",2000,0,0
"Venezuela","Bolivar/RAUL LEONI","S. C. RAUL LEONI","parroquia","VE070701",2000,0,0
"Venezuela","Bolivar/ROSCIO","SALOM","parroquia","VE070802",2000,0,0
"Venezuela","Bolivar/CEDEÑO","ALTAGRACIA","parroquia","VE070202",2000,0,0
"Venezuela","Bolivar/CEDEÑO","ASCENCION FARRERAS","parroquia","VE070203",2000,276,189
"Venezuela","Bolivar/PIAR","PEDRO COVA","parroquia","VE070603",2000,191,79
"Venezuela","Bolivar/ROSCIO","S. C. ROSCIO","parroquia","VE070801",2000,0,0
"Venezuela","Bolivar/SUCRE","LAS MAJADAS","parroquia","VE071004",2000,688,638
"Venezuela","Bolivar/CEDEÑO","SECCION CAPITAL CEDEÑO","parroquia","VE070201",2000,334,131
"Venezuela","Bolivar/EL CALLAO","C. EL CALLAO","parroquia","VE070301",2000,0,0
"Venezuela","Bolivar/RAUL LEONI","SANTA BARBARA","parroquia","VE070704",2000,0,0
"Venezuela","Bolivar/SUCRE","GUARATARO","parroquia","VE071003",2000,0,0
"Venezuela","Bolivar/SUCRE","S. C. SUCRE","parroquia","VE071001",2000,0,0
"Venezuela","Bolivar/RAUL LEONI","SAN FRANCISCO","parroquia","VE070703",2000,0,0
"Venezuela","Bolivar/SUCRE","ARIPAO","parroquia","VE071002",2000,0,0
"Venezuela","Bolivar/CEDEÑO","LA URBANA","parroquia","VE070205",2000,227,65
"Venezuela","Bolivar/SIFONTES","DALLA COSTA","parroquia","VE070902",2000,1546,569
"Venezuela","Bolivar/CEDEÑO","GUANIAMO","parroquia","VE070204",2000,0,0
"Venezuela","Bolivar/RAUL LEONI","BARCELONETA","parroquia","VE070702",2000,1211,638
"Venezuela","Bolivar/CEDEÑO","PIJIGUAOS","parroquia","VE070206",2000,0,0
"Venezuela","Bolivar/SIFONTES","SAN ISIDRO","parroquia","VE070903",2000,573,162
"Venezuela","Bolivar/GRAN SABANA","SECCION CAPITAL GRAN SABANA","parroquia","VE070401",2000,122,19
"Venezuela","Bolivar/GRAN SABANA","IKABARU","parroquia","VE070402",2000,348,38
"Venezuela","Bolivar/CARONI","ONCE DE ABRIL","parroquia","VE070104",2001,0,0
"Venezuela","Bolivar/PADRE PEDRO CHIEN","C. P. P. CHIEN","parroquia","VE071101",2001,0,0
"Venezuela","Bolivar/CARONI","SIMON BOLIVAR","parroquia","VE070105",2001,0,0
"Venezuela","Bolivar/CARONI","VISTA AL SOL","parroquia","VE070108",2001,0,0
"Venezuela","Bolivar/CARONI","YOCOIMA","parroquia","VE070110",2001,0,0
"Venezuela","Bolivar/PIAR","SECCION CAPITAL PIAR","parroquia","VE070601",2001,0,0
"Venezuela","Bolivar/CARONI","CHIRICA","parroquia","VE070102",2001,0,0
"Venezuela","Bolivar/CARONI","DALLA COSTA","parroquia","VE070103",2001,0,0
"Venezuela","Bolivar/CARONI","UNARE","parroquia","VE070106",2001,0,0
"Venezuela","Bolivar/HERES","PANAPANA","parroquia","VE070508",2001,0,0
"Venezuela","Bolivar/CARONI","CACHAMAY","parroquia","VE070101",2001,0,0
"Venezuela","Bolivar/CARONI","UNIVERSIDAD","parroquia","VE070107",2001,0,0
"Venezuela","Bolivar/CARONI","POZO VERDE","parroquia","VE070109",2001,0,0
"Venezuela","Bolivar/HERES","MARHUANTA","parroquia","VE070505",2001,0,0
"Venezuela","Bolivar/HERES","ORINOCO","parroquia","VE070507",2001,0,0
"Venezuela","Bolivar/HERES","CATEDRAL","parroquia","VE070502",2001,0,0
"Venezuela","Bolivar/HERES","AGUA SALADA","parroquia","VE070501",2001,0,0
"Venezuela","Bolivar/HERES","LA SABANITA","parroquia","VE070504",2001,0,0
"Venezuela","Bolivar/HERES","VISTA HERMOSA","parroquia","VE070506",2001,0,0
"Venezuela","Bolivar/SUCRE","MOITACO","parroquia","VE071005",2001,0,0
"Venezuela","Bolivar/HERES","JOSE ANTONIO PAEZ","parroquia","VE070503",2001,0,0
"Venezuela","Bolivar/PIAR","A. E. BLANCO","parroquia","VE070602",2001,0,0
"Venezuela","Bolivar/HERES","ZEA","parroquia","VE070509",2001,0,0
"Venezuela","Bolivar/SIFONTES","SECCION CAPITAL SIFONTES","parroquia","VE070901",2001,1,0
"Venezuela","Bolivar/RAUL LEONI","S. C. RAUL LEONI","parroquia","VE070701",2001,0,0
"Venezuela","Bolivar/ROSCIO","SALOM","parroquia","VE070802",2001,0,0
"Venezuela","Bolivar/CEDEÑO","ALTAGRACIA","parroquia","VE070202",2001,0,0
"Venezuela","Bolivar/CEDEÑO","ASCENCION FARRERAS","parroquia","VE070203",2001,258,46
"Venezuela","Bolivar/PIAR","PEDRO COVA","parroquia","VE070603",2001,88,1
"Venezuela","Bolivar/ROSCIO","S. C. ROSCIO","parroquia","VE070801",2001,0,0
"Venezuela","Bolivar/SUCRE","LAS MAJADAS","parroquia","VE071004",2001,85,14
"Venezuela","Bolivar/CEDEÑO","SECCION CAPITAL CEDEÑO","parroquia","VE070201",2001,198,7
"Venezuela","Bolivar/EL CALLAO","C. EL CALLAO","parroquia","VE070301",2001,0,0
"Venezuela","Bolivar/RAUL LEONI","SANTA BARBARA","parroquia","VE070704",2001,0,0
"Venezuela","Bolivar/SUCRE","GUARATARO","parroquia","VE071003",2001,354,47
"Venezuela","Bolivar/SUCRE","S. C. SUCRE","parroquia","VE071001",2001,0,0
"Venezuela","Bolivar/RAUL LEONI","SAN FRANCISCO","parroquia","VE070703",2001,0,0
"Venezuela","Bolivar/SUCRE","ARIPAO","parroquia","VE071002",2001,0,0
"Venezuela","Bolivar/CEDEÑO","LA URBANA","parroquia","VE070205",2001,158,22
"Venezuela","Bolivar/SIFONTES","DALLA COSTA","parroquia","VE070902",2001,478,204
"Venezuela","Bolivar/CEDEÑO","GUANIAMO","parroquia","VE070204",2001,0,0
"Venezuela","Bolivar/RAUL LEONI","BARCELONETA","parroquia","VE070702",2001,836,445
"Venezuela","Bolivar/CEDEÑO","PIJIGUAOS","parroquia","VE070206",2001,0,0
"Venezuela","Bolivar/SIFONTES","SAN ISIDRO","parroquia","VE070903",2001,294,117
"Venezuela","Bolivar/GRAN SABANA","SECCION CAPITAL GRAN SABANA","parroquia","VE070401",2001,225,31
"Venezuela","Bolivar/GRAN SABANA","IKABARU","parroquia","VE070402",2001,250,60
"Venezuela","Bolivar/CARONI","ONCE DE ABRIL","parroquia","VE070104",2002,0,0
"Venezuela","Bolivar/PADRE PEDRO CHIEN","C. P. P. CHIEN","parroquia","VE071101",2002,0,0
"Venezuela","Bolivar/CARONI","SIMON BOLIVAR","parroquia","VE070105",2002,0,0
"Venezuela","Bolivar/CARONI","VISTA AL SOL","parroquia","VE070108",2002,0,0
"Venezuela","Bolivar/CARONI","YOCOIMA","parroquia","VE070110",2002,0,0
"Venezuela","Bolivar/PIAR","SECCION CAPITAL PIAR","parroquia","VE070601",2002,0,1
"Venezuela","Bolivar/CARONI","CHIRICA","parroquia","VE070102",2002,0,0
"Venezuela","Bolivar/CARONI","DALLA COSTA","parroquia","VE070103",2002,0,0
"Venezuela","Bolivar/CARONI","UNARE","parroquia","VE070106",2002,0,0
"Venezuela","Bolivar/HERES","PANAPANA","parroquia","VE070508",2002,0,0
"Venezuela","Bolivar/CARONI","CACHAMAY","parroquia","VE070101",2002,0,0
"Venezuela","Bolivar/CARONI","UNIVERSIDAD","parroquia","VE070107",2002,0,0
"Venezuela","Bolivar/CARONI","POZO VERDE","parroquia","VE070109",2002,0,0
"Venezuela","Bolivar/HERES","MARHUANTA","parroquia","VE070505",2002,0,0
"Venezuela","Bolivar/HERES","ORINOCO","parroquia","VE070507",2002,0,0
"Venezuela","Bolivar/HERES","CATEDRAL","parroquia","VE070502",2002,0,0
"Venezuela","Bolivar/HERES","AGUA SALADA","parroquia","VE070501",2002,0,0
"Venezuela","Bolivar/HERES","LA SABANITA","parroquia","VE070504",2002,0,0
"Venezuela","Bolivar/HERES","VISTA HERMOSA","parroquia","VE070506",2002,0,0
"Venezuela","Bolivar/SUCRE","MOITACO","parroquia","VE071005",2002,0,0
"Venezuela","Bolivar/HERES","JOSE ANTONIO PAEZ","parroquia","VE070503",2002,0,0
"Venezuela","Bolivar/PIAR","A. E. BLANCO","parroquia","VE070602",2002,0,0
"Venezuela","Bolivar/HERES","ZEA","parroquia","VE070509",2002,0,0
"Venezuela","Bolivar/SIFONTES","SECCION CAPITAL SIFONTES","parroquia","VE070901",2002,0,0
"Venezuela","Bolivar/RAUL LEONI","S. C. RAUL LEONI","parroquia","VE070701",2002,0,0
"Venezuela","Bolivar/ROSCIO","SALOM","parroquia","VE070802",2002,0,0
"Venezuela","Bolivar/CEDEÑO","ALTAGRACIA","parroquia","VE070202",2002,0,0
"Venezuela","Bolivar/CEDEÑO","ASCENCION FARRERAS","parroquia","VE070203",2002,133,85
"Venezuela","Bolivar/PIAR","PEDRO COVA","parroquia","VE070603",2002,98,19
"Venezuela","Bolivar/ROSCIO","S. C. ROSCIO","parroquia","VE070801",2002,0,0
"Venezuela","Bolivar/SUCRE","LAS MAJADAS","parroquia","VE071004",2002,74,2
"Venezuela","Bolivar/CEDEÑO","SECCION CAPITAL CEDEÑO","parroquia","VE070201",2002,216,5
"Venezuela","Bolivar/EL CALLAO","C. EL CALLAO","parroquia","VE070301",2002,0,0
"Venezuela","Bolivar/RAUL LEONI","SANTA BARBARA","parroquia","VE070704",2002,0,0
"Venezuela","Bolivar/SUCRE","GUARATARO","parroquia","VE071003",2002,392,2
"Venezuela","Bolivar/SUCRE","S. C. SUCRE","parroquia","VE071001",2002,0,1
"Venezuela","Bolivar/RAUL LEONI","SAN FRANCISCO","parroquia","VE070703",2002,0,0
"Venezuela","Bolivar/SUCRE","ARIPAO","parroquia","VE071002",2002,0,0
"Venezuela","Bolivar/CEDEÑO","LA URBANA","parroquia","VE070205",2002,298,14
"Venezuela","Bolivar/SIFONTES","DALLA COSTA","parroquia","VE070902",2002,869,291
"Venezuela","Bolivar/CEDEÑO","GUANIAMO","parroquia","VE070204",2002,0,0
"Venezuela","Bolivar/RAUL LEONI","BARCELONETA","parroquia","VE070702",2002,1093,704
"Venezuela","Bolivar/CEDEÑO","PIJIGUAOS","parroquia","VE070206",2002,0,0
"Venezuela","Bolivar/SIFONTES","SAN ISIDRO","parroquia","VE070903",2002,554,69
"Venezuela","Bolivar/GRAN SABANA","SECCION CAPITAL GRAN SABANA","parroquia","VE070401",2002,115,17
"Venezuela","Bolivar/GRAN SABANA","IKABARU","parroquia","VE070402",2002,634,49
"Venezuela","Bolivar/CARONI","ONCE DE ABRIL","parroquia","VE070104",2003,0,0
"Venezuela","Bolivar/PADRE PEDRO CHIEN","C. P. P. CHIEN","parroquia","VE071101",2003,0,0
"Venezuela","Bolivar/CARONI","SIMON BOLIVAR","parroquia","VE070105",2003,0,0
"Venezuela","Bolivar/CARONI","VISTA AL SOL","parroquia","VE070108",2003,0,0
"Venezuela","Bolivar/CARONI","YOCOIMA","parroquia","VE070110",2003,1,0
"Venezuela","Bolivar/PIAR","SECCION CAPITAL PIAR","parroquia","VE070601",2003,6,1
"Venezuela","Bolivar/CARONI","CHIRICA","parroquia","VE070102",2003,0,0
"Venezuela","Bolivar/CARONI","DALLA COSTA","parroquia","VE070103",2003,0,0
"Venezuela","Bolivar/CARONI","UNARE","parroquia","VE070106",2003,0,0
"Venezuela","Bolivar/HERES","PANAPANA","parroquia","VE070508",2003,0,0
"Venezuela","Bolivar/CARONI","CACHAMAY","parroquia","VE070101",2003,0,0
"Venezuela","Bolivar/CARONI","UNIVERSIDAD","parroquia","VE070107",2003,0,0
"Venezuela","Bolivar/CARONI","POZO VERDE","parroquia","VE070109",2003,0,0
"Venezuela","Bolivar/HERES","MARHUANTA","parroquia","VE070505",2003,0,0
"Venezuela","Bolivar/HERES","ORINOCO","parroquia","VE070507",2003,0,0
"Venezuela","Bolivar/HERES","CATEDRAL","parroquia","VE070502",2003,0,0
"Venezuela","Bolivar/HERES","AGUA SALADA","parroquia","VE070501",2003,0,0
"Venezuela","Bolivar/HERES","LA SABANITA","parroquia","VE070504",2003,0,0
"Venezuela","Bolivar/HERES","VISTA HERMOSA","parroquia","VE070506",2003,0,0
"Venezuela","Bolivar/SUCRE","MOITACO","parroquia","VE071005",2003,0,0
"Venezuela","Bolivar/HERES","JOSE ANTONIO PAEZ","parroquia","VE070503",2003,0,0
"Venezuela","Bolivar/PIAR","A. E. BLANCO","parroquia","VE070602",2003,0,0
"Venezuela","Bolivar/HERES","ZEA","parroquia","VE070509",2003,0,0
"Venezuela","Bolivar/SIFONTES","SECCION CAPITAL SIFONTES","parroquia","VE070901",2003,0,0
"Venezuela","Bolivar/RAUL LEONI","S. C. RAUL LEONI","parroquia","VE070701",2003,1,2
"Venezuela","Bolivar/ROSCIO","SALOM","parroquia","VE070802",2003,0,0
"Venezuela","Bolivar/CEDEÑO","ALTAGRACIA","parroquia","VE070202",2003,0,0
"Venezuela","Bolivar/CEDEÑO","ASCENCION FARRERAS","parroquia","VE070203",2003,432,83
"Venezuela","Bolivar/PIAR","PEDRO COVA","parroquia","VE070603",2003,420,118
"Venezuela","Bolivar/ROSCIO","S. C. ROSCIO","parroquia","VE070801",2003,0,0
"Venezuela","Bolivar/SUCRE","LAS MAJADAS","parroquia","VE071004",2003,53,3
"Venezuela","Bolivar/CEDEÑO","SECCION CAPITAL CEDEÑO","parroquia","VE070201",2003,264,14
"Venezuela","Bolivar/EL CALLAO","C. EL CALLAO","parroquia","VE070301",2003,0,0
"Venezuela","Bolivar/RAUL LEONI","SANTA BARBARA","parroquia","VE070704",2003,92,42
"Venezuela","Bolivar/SUCRE","GUARATARO","parroquia","VE071003",2003,342,16
"Venezuela","Bolivar/SUCRE","S. C. SUCRE","parroquia","VE071001",2003,0,0
"Venezuela","Bolivar/RAUL LEONI","SAN FRANCISCO","parroquia","VE070703",2003,28,31
"Venezuela","Bolivar/SUCRE","ARIPAO","parroquia","VE071002",2003,0,0
"Venezuela","Bolivar/CEDEÑO","LA URBANA","parroquia","VE070205",2003,400,12
"Venezuela","Bolivar/SIFONTES","DALLA COSTA","parroquia","VE070902",2003,1821,708
"Venezuela","Bolivar/CEDEÑO","GUANIAMO","parroquia","VE070204",2003,0,0
"Venezuela","Bolivar/RAUL LEONI","BARCELONETA","parroquia","VE070702",2003,2300,574
"Venezuela","Bolivar/CEDEÑO","PIJIGUAOS","parroquia","VE070206",2003,0,0
"Venezuela","Bolivar/SIFONTES","SAN ISIDRO","parroquia","VE070903",2003,2066,85
"Venezuela","Bolivar/GRAN SABANA","SECCION CAPITAL GRAN SABANA","parroquia","VE070401",2003,139,24
"Venezuela","Bolivar/GRAN SABANA","IKABARU","parroquia","VE070402",2003,1048,339
"Venezuela","Bolivar/CARONI","ONCE DE ABRIL","parroquia","VE070104",2004,0,0
"Venezuela","Bolivar/PADRE PEDRO CHIEN","C. P. P. CHIEN","parroquia","VE071101",2004,2,0
"Venezuela","Bolivar/CARONI","SIMON BOLIVAR","parroquia","VE070105",2004,0,0
"Venezuela","Bolivar/CARONI","VISTA AL SOL","parroquia","VE070108",2004,0,0
"Venezuela","Bolivar/CARONI","YOCOIMA","parroquia","VE070110",2004,0,0
"Venezuela","Bolivar/PIAR","SECCION CAPITAL PIAR","parroquia","VE070601",2004,96,15
"Venezuela","Bolivar/CARONI","CHIRICA","parroquia","VE070102",2004,0,0
"Venezuela","Bolivar/CARONI","DALLA COSTA","parroquia","VE070103",2004,1,0
"Venezuela","Bolivar/CARONI","UNARE","parroquia","VE070106",2004,0,0
"Venezuela","Bolivar/HERES","PANAPANA","parroquia","VE070508",2004,0,0
"Venezuela","Bolivar/CARONI","CACHAMAY","parroquia","VE070101",2004,0,0
"Venezuela","Bolivar/CARONI","UNIVERSIDAD","parroquia","VE070107",2004,0,0
"Venezuela","Bolivar/CARONI","POZO VERDE","parroquia","VE070109",2004,0,0
"Venezuela","Bolivar/HERES","MARHUANTA","parroquia","VE070505",2004,0,0
"Venezuela","Bolivar/HERES","ORINOCO","parroquia","VE070507",2004,0,0
"Venezuela","Bolivar/HERES","CATEDRAL","parroquia","VE070502",2004,0,0
"Venezuela","Bolivar/HERES","AGUA SALADA","parroquia","VE070501",2004,0,0
"Venezuela","Bolivar/HERES","LA SABANITA","parroquia","VE070504",2004,0,0
"Venezuela","Bolivar/HERES","VISTA HERMOSA","parroquia","VE070506",2004,0,0
"Venezuela","Bolivar/SUCRE","MOITACO","parroquia","VE071005",2004,0,0
"Venezuela","Bolivar/HERES","JOSE ANTONIO PAEZ","parroquia","VE070503",2004,0,0
"Venezuela","Bolivar/PIAR","A. E. BLANCO","parroquia","VE070602",2004,5,0
"Venezuela","Bolivar/HERES","ZEA","parroquia","VE070509",2004,0,0
"Venezuela","Bolivar/SIFONTES","SECCION CAPITAL SIFONTES","parroquia","VE070901",2004,0,0
"Venezuela","Bolivar/RAUL LEONI","S. C. RAUL LEONI","parroquia","VE070701",2004,0,0
"Venezuela","Bolivar/ROSCIO","SALOM","parroquia","VE070802",2004,0,0
"Venezuela","Bolivar/CEDEÑO","ALTAGRACIA","parroquia","VE070202",2004,0,0
"Venezuela","Bolivar/CEDEÑO","ASCENCION FARRERAS","parroquia","VE070203",2004,429,41
"Venezuela","Bolivar/PIAR","PEDRO COVA","parroquia","VE070603",2004,1344,582
"Venezuela","Bolivar/ROSCIO","S. C. ROSCIO","parroquia","VE070801",2004,0,0
"Venezuela","Bolivar/SUCRE","LAS MAJADAS","parroquia","VE071004",2004,169,30
"Venezuela","Bolivar/CEDEÑO","SECCION CAPITAL CEDEÑO","parroquia","VE070201",2004,867,32
"Venezuela","Bolivar/EL CALLAO","C. EL CALLAO","parroquia","VE070301",2004,0,0
"Venezuela","Bolivar/RAUL LEONI","SANTA BARBARA","parroquia","VE070704",2004,37,5
"Venezuela","Bolivar/SUCRE","GUARATARO","parroquia","VE071003",2004,715,103
"Venezuela","Bolivar/SUCRE","S. C. SUCRE","parroquia","VE071001",2004,0,0
"Venezuela","Bolivar/RAUL LEONI","SAN FRANCISCO","parroquia","VE070703",2004,58,20
"Venezuela","Bolivar/SUCRE","ARIPAO","parroquia","VE071002",2004,0,0
"Venezuela","Bolivar/CEDEÑO","LA URBANA","parroquia","VE070205",2004,410,41
"Venezuela","Bolivar/SIFONTES","DALLA COSTA","parroquia","VE070902",2004,2481,674
"Venezuela","Bolivar/CEDEÑO","GUANIAMO","parroquia","VE070204",2004,0,0
"Venezuela","Bolivar/RAUL LEONI","BARCELONETA","parroquia","VE070702",2004,2175,582
"Venezuela","Bolivar/CEDEÑO","PIJIGUAOS","parroquia","VE070206",2004,0,0
"Venezuela","Bolivar/SIFONTES","SAN ISIDRO","parroquia","VE070903",2004,10196,433
"Venezuela","Bolivar/GRAN SABANA","SECCION CAPITAL GRAN SABANA","parroquia","VE070401",2004,201,111
"Venezuela","Bolivar/GRAN SABANA","IKABARU","parroquia","VE070402",2004,1278,186
"Venezuela","Bolivar/CARONI","ONCE DE ABRIL","parroquia","VE070104",2005,0,0
"Venezuela","Bolivar/PADRE PEDRO CHIEN","C. P. P. CHIEN","parroquia","VE071101",2005,0,0
"Venezuela","Bolivar/CARONI","SIMON BOLIVAR","parroquia","VE070105",2005,0,0
"Venezuela","Bolivar/CARONI","VISTA AL SOL","parroquia","VE070108",2005,0,0
"Venezuela","Bolivar/CARONI","YOCOIMA","parroquia","VE070110",2005,0,0
"Venezuela","Bolivar/PIAR","SECCION CAPITAL PIAR","parroquia","VE070601",2005,47,0
"Venezuela","Bolivar/CARONI","CHIRICA","parroquia","VE070102",2005,0,0
"Venezuela","Bolivar/CARONI","DALLA COSTA","parroquia","VE070103",2005,0,0
"Venezuela","Bolivar/CARONI","UNARE","parroquia","VE070106",2005,0,0
"Venezuela","Bolivar/HERES","PANAPANA","parroquia","VE070508",2005,0,0
"Venezuela","Bolivar/CARONI","CACHAMAY","parroquia","VE070101",2005,0,0
"Venezuela","Bolivar/CARONI","UNIVERSIDAD","parroquia","VE070107",2005,0,0
"Venezuela","Bolivar/CARONI","POZO VERDE","parroquia","VE070109",2005,0,0
"Venezuela","Bolivar/HERES","MARHUANTA","parroquia","VE070505",2005,0,0
"Venezuela","Bolivar/HERES","ORINOCO","parroquia","VE070507",2005,0,0
"Venezuela","Bolivar/HERES","CATEDRAL","parroquia","VE070502",2005,0,0
"Venezuela","Bolivar/HERES","AGUA SALADA","parroquia","VE070501",2005,0,0
"Venezuela","Bolivar/HERES","LA SABANITA","parroquia","VE070504",2005,0,0
"Venezuela","Bolivar/HERES","VISTA HERMOSA","parroquia","VE070506",2005,0,0
"Venezuela","Bolivar/SUCRE","MOITACO","parroquia","VE071005",2005,0,0
"Venezuela","Bolivar/HERES","JOSE ANTONIO PAEZ","parroquia","VE070503",2005,0,0
"Venezuela","Bolivar/PIAR","A. E. BLANCO","parroquia","VE070602",2005,3,1
"Venezuela","Bolivar/HERES","ZEA","parroquia","VE070509",2005,0,0
"Venezuela","Bolivar/SIFONTES","SECCION CAPITAL SIFONTES","parroquia","VE070901",2005,0,0
"Venezuela","Bolivar/RAUL LEONI","S. C. RAUL LEONI","parroquia","VE070701",2005,0,0
"Venezuela","Bolivar/ROSCIO","SALOM","parroquia","VE070802",2005,0,0
"Venezuela","Bolivar/CEDEÑO","ALTAGRACIA","parroquia","VE070202",2005,0,0
"Venezuela","Bolivar/CEDEÑO","ASCENCION FARRERAS","parroquia","VE070203",2005,463,68
"Venezuela","Bolivar/PIAR","PEDRO COVA","parroquia","VE070603",2005,3325,1007
"Venezuela","Bolivar/ROSCIO","S. C. ROSCIO","parroquia","VE070801",2005,1,0
"Venezuela","Bolivar/SUCRE","LAS MAJADAS","parroquia","VE071004",2005,149,17
"Venezuela","Bolivar/CEDEÑO","SECCION CAPITAL CEDEÑO","parroquia","VE070201",2005,1158,40
"Venezuela","Bolivar/EL CALLAO","C. EL CALLAO","parroquia","VE070301",2005,0,0
"Venezuela","Bolivar/RAUL LEONI","SANTA BARBARA","parroquia","VE070704",2005,30,9
"Venezuela","Bolivar/SUCRE","GUARATARO","parroquia","VE071003",2005,411,40
"Venezuela","Bolivar/SUCRE","S. C. SUCRE","parroquia","VE071001",2005,0,0
"Venezuela","Bolivar/RAUL LEONI","SAN FRANCISCO","parroquia","VE070703",2005,169,23
"Venezuela","Bolivar/SUCRE","ARIPAO","parroquia","VE071002",2005,0,0
"Venezuela","Bolivar/CEDEÑO","LA URBANA","parroquia","VE070205",2005,465,37
"Venezuela","Bolivar/SIFONTES","DALLA COSTA","parroquia","VE070902",2005,3209,813
"Venezuela","Bolivar/CEDEÑO","GUANIAMO","parroquia","VE070204",2005,0,0
"Venezuela","Bolivar/RAUL LEONI","BARCELONETA","parroquia","VE070702",2005,2248,886
"Venezuela","Bolivar/CEDEÑO","PIJIGUAOS","parroquia","VE070206",2005,0,0
"Venezuela","Bolivar/SIFONTES","SAN ISIDRO","parroquia","VE070903",2005,8367,584
"Venezuela","Bolivar/GRAN SABANA","SECCION CAPITAL GRAN SABANA","parroquia","VE070401",2005,125,11
"Venezuela","Bolivar/GRAN SABANA","IKABARU","parroquia","VE070402",2005,1630,188
"Venezuela","Bolivar/CARONI","ONCE DE ABRIL","parroquia","VE070104",2006,0,0
"Venezuela","Bolivar/PADRE PEDRO CHIEN","C. P. P. CHIEN","parroquia","VE071101",2006,0,0
"Venezuela","Bolivar/CARONI","SIMON BOLIVAR","parroquia","VE070105",2006,0,0
"Venezuela","Bolivar/CARONI","VISTA AL SOL","parroquia","VE070108",2006,0,0
"Venezuela","Bolivar/CARONI","YOCOIMA","parroquia","VE070110",2006,0,0
"Venezuela","Bolivar/PIAR","SECCION CAPITAL PIAR","parroquia","VE070601",2006,11,2
"Venezuela","Bolivar/CARONI","CHIRICA","parroquia","VE070102",2006,0,0
"Venezuela","Bolivar/CARONI","DALLA COSTA","parroquia","VE070103",2006,0,0
"Venezuela","Bolivar/CARONI","UNARE","parroquia","VE070106",2006,0,0
"Venezuela","Bolivar/HERES","PANAPANA","parroquia","VE070508",2006,0,0
"Venezuela","Bolivar/CARONI","CACHAMAY","parroquia","VE070101",2006,0,0
"Venezuela","Bolivar/CARONI","UNIVERSIDAD","parroquia","VE070107",2006,0,0
"Venezuela","Bolivar/CARONI","POZO VERDE","parroquia","VE070109",2006,0,0
"Venezuela","Bolivar/HERES","MARHUANTA","parroquia","VE070505",2006,0,0
"Venezuela","Bolivar/HERES","ORINOCO","parroquia","VE070507",2006,0,0
"Venezuela","Bolivar/HERES","CATEDRAL","parroquia","VE070502",2006,0,0
"Venezuela","Bolivar/HERES","AGUA SALADA","parroquia","VE070501",2006,0,0
"Venezuela","Bolivar/HERES","LA SABANITA","parroquia","VE070504",2006,0,0
"Venezuela","Bolivar/HERES","VISTA HERMOSA","parroquia","VE070506",2006,0,0
"Venezuela","Bolivar/SUCRE","MOITACO","parroquia","VE071005",2006,0,0
"Venezuela","Bolivar/HERES","JOSE ANTONIO PAEZ","parroquia","VE070503",2006,0,0
"Venezuela","Bolivar/PIAR","A. E. BLANCO","parroquia","VE070602",2006,5,0
"Venezuela","Bolivar/HERES","ZEA","parroquia","VE070509",2006,0,0
"Venezuela","Bolivar/SIFONTES","SECCION CAPITAL SIFONTES","parroquia","VE070901",2006,0,1
"Venezuela","Bolivar/RAUL LEONI","S. C. RAUL LEONI","parroquia","VE070701",2006,0,1
"Venezuela","Bolivar/ROSCIO","SALOM","parroquia","VE070802",2006,0,0
"Venezuela","Bolivar/CEDEÑO","ALTAGRACIA","parroquia","VE070202",2006,0,0
"Venezuela","Bolivar/CEDEÑO","ASCENCION FARRERAS","parroquia","VE070203",2006,557,67
"Venezuela","Bolivar/PIAR","PEDRO COVA","parroquia","VE070603",2006,4672,1456
"Venezuela","Bolivar/ROSCIO","S. C. ROSCIO","parroquia","VE070801",2006,0,0
"Venezuela","Bolivar/SUCRE","LAS MAJADAS","parroquia","VE071004",2006,183,0
"Venezuela","Bolivar/CEDEÑO","SECCION CAPITAL CEDEÑO","parroquia","VE070201",2006,957,22
"Venezuela","Bolivar/EL CALLAO","C. EL CALLAO","parroquia","VE070301",2006,0,0
"Venezuela","Bolivar/RAUL LEONI","SANTA BARBARA","parroquia","VE070704",2006,39,14
"Venezuela","Bolivar/SUCRE","GUARATARO","parroquia","VE071003",2006,364,14
"Venezuela","Bolivar/SUCRE","S. C. SUCRE","parroquia","VE071001",2006,0,0
"Venezuela","Bolivar/RAUL LEONI","SAN FRANCISCO","parroquia","VE070703",2006,24,4
"Venezuela","Bolivar/SUCRE","ARIPAO","parroquia","VE071002",2006,0,0
"Venezuela","Bolivar/CEDEÑO","LA URBANA","parroquia","VE070205",2006,711,26
"Venezuela","Bolivar/SIFONTES","DALLA COSTA","parroquia","VE070902",2006,2899,969
"Venezuela","Bolivar/CEDEÑO","GUANIAMO","parroquia","VE070204",2006,0,0
"Venezuela","Bolivar/RAUL LEONI","BARCELONETA","parroquia","VE070702",2006,1650,754
"Venezuela","Bolivar/CEDEÑO","PIJIGUAOS","parroquia","VE070206",2006,0,0
"Venezuela","Bolivar/SIFONTES","SAN ISIDRO","parroquia","VE070903",2006,4927,1685
"Venezuela","Bolivar/GRAN SABANA","SECCION CAPITAL GRAN SABANA","parroquia","VE070401",2006,125,34
"Venezuela","Bolivar/GRAN SABANA","IKABARU","parroquia","VE070402",2006,624,170
"Venezuela","Bolivar/CARONI","ONCE DE ABRIL","parroquia","VE070104",2007,0,0
"Venezuela","Bolivar/PADRE PEDRO CHIEN","C. P. P. CHIEN","parroquia","VE071101",2007,0,0
"Venezuela","Bolivar/CARONI","SIMON BOLIVAR","parroquia","VE070105",2007,0,0
"Venezuela","Bolivar/CARONI","VISTA AL SOL","parroquia","VE070108",2007,0,0
"Venezuela","Bolivar/CARONI","YOCOIMA","parroquia","VE070110",2007,0,0
"Venezuela","Bolivar/PIAR","SECCION CAPITAL PIAR","parroquia","VE070601",2007,9,0
"Venezuela","Bolivar/CARONI","CHIRICA","parroquia","VE070102",2007,0,0
"Venezuela","Bolivar/CARONI","DALLA COSTA","parroquia","VE070103",2007,0,0
"Venezuela","Bolivar/CARONI","UNARE","parroquia","VE070106",2007,0,0
"Venezuela","Bolivar/HERES","PANAPANA","parroquia","VE070508",2007,0,0
"Venezuela","Bolivar/CARONI","CACHAMAY","parroquia","VE070101",2007,0,0
"Venezuela","Bolivar/CARONI","UNIVERSIDAD","parroquia","VE070107",2007,0,1
"Venezuela","Bolivar/CARONI","POZO VERDE","parroquia","VE070109",2007,0,0
"Venezuela","Bolivar/HERES","MARHUANTA","parroquia","VE070505",2007,0,0
"Venezuela","Bolivar/HERES","ORINOCO","parroquia","VE070507",2007,0,0
"Venezuela","Bolivar/HERES","CATEDRAL","parroquia","VE070502",2007,0,0
"Venezuela","Bolivar/HERES","AGUA SALADA","parroquia","VE070501",2007,0,0
"Venezuela","Bolivar/HERES","LA SABANITA","parroquia","VE070504",2007,0,0
"Venezuela","Bolivar/HERES","VISTA HERMOSA","parroquia","VE070506",2007,0,0
"Venezuela","Bolivar/SUCRE","MOITACO","parroquia","VE071005",2007,0,0
"Venezuela","Bolivar/HERES","JOSE ANTONIO PAEZ","parroquia","VE070503",2007,0,0
"Venezuela","Bolivar/PIAR","A. E. BLANCO","parroquia","VE070602",2007,5,0
"Venezuela","Bolivar/HERES","ZEA","parroquia","VE070509",2007,0,0
"Venezuela","Bolivar/SIFONTES","SECCION CAPITAL SIFONTES","parroquia","VE070901",2007,0,0
"Venezuela","Bolivar/RAUL LEONI","S. C. RAUL LEONI","parroquia","VE070701",2007,0,0
"Venezuela","Bolivar/ROSCIO","SALOM","parroquia","VE070802",2007,0,0
"Venezuela","Bolivar/CEDEÑO","ALTAGRACIA","parroquia","VE070202",2007,0,0
"Venezuela","Bolivar/CEDEÑO","ASCENCION FARRERAS","parroquia","VE070203",2007,779,239
"Venezuela","Bolivar/PIAR","PEDRO COVA","parroquia","VE070603",2007,3775,885
"Venezuela","Bolivar/ROSCIO","S. C. ROSCIO","parroquia","VE070801",2007,0,0
"Venezuela","Bolivar/SUCRE","LAS MAJADAS","parroquia","VE071004",2007,144,27
"Venezuela","Bolivar/CEDEÑO","SECCION CAPITAL CEDEÑO","parroquia","VE070201",2007,1015,101
"Venezuela","Bolivar/EL CALLAO","C. EL CALLAO","parroquia","VE070301",2007,0,0
"Venezuela","Bolivar/RAUL LEONI","SANTA BARBARA","parroquia","VE070704",2007,193,9
"Venezuela","Bolivar/SUCRE","GUARATARO","parroquia","VE071003",2007,726,87
"Venezuela","Bolivar/SUCRE","S. C. SUCRE","parroquia","VE071001",2007,0,0
"Venezuela","Bolivar/RAUL LEONI","SAN FRANCISCO","parroquia","VE070703",2007,25,4
"Venezuela","Bolivar/SUCRE","ARIPAO","parroquia","VE071002",2007,0,0
"Venezuela","Bolivar/CEDEÑO","LA URBANA","parroquia","VE070205",2007,745,17
"Venezuela","Bolivar/SIFONTES","DALLA COSTA","parroquia","VE070902",2007,4505,1636
"Venezuela","Bolivar/CEDEÑO","GUANIAMO","parroquia","VE070204",2007,0,0
"Venezuela","Bolivar/RAUL LEONI","BARCELONETA","parroquia","VE070702",2007,1202,657
"Venezuela","Bolivar/CEDEÑO","PIJIGUAOS","parroquia","VE070206",2007,0,0
"Venezuela","Bolivar/SIFONTES","SAN ISIDRO","parroquia","VE070903",2007,4442,1815
"Venezuela","Bolivar/GRAN SABANA","SECCION CAPITAL GRAN SABANA","parroquia","VE070401",2007,58,24
"Venezuela","Bolivar/GRAN SABANA","IKABARU","parroquia","VE070402",2007,1150,345
"Venezuela","Bolivar/CARONI","ONCE DE ABRIL","parroquia","VE070104",2008,0,0
"Venezuela","Bolivar/PADRE PEDRO CHIEN","C. P. P. CHIEN","parroquia","VE071101",2008,0,0
"Venezuela","Bolivar/CARONI","SIMON BOLIVAR","parroquia","VE070105",2008,0,0
"Venezuela","Bolivar/CARONI","VISTA AL SOL","parroquia","VE070108",2008,0,0
"Venezuela","Bolivar/CARONI","YOCOIMA","parroquia","VE070110",2008,0,0
"Venezuela","Bolivar/PIAR","SECCION CAPITAL PIAR","parroquia","VE070601",2008,4,3
"Venezuela","Bolivar/CARONI","CHIRICA","parroquia","VE070102",2008,0,0
"Venezuela","Bolivar/CARONI","DALLA COSTA","parroquia","VE070103",2008,0,0
"Venezuela","Bolivar/CARONI","UNARE","parroquia","VE070106",2008,0,0
"Venezuela","Bolivar/HERES","PANAPANA","parroquia","VE070508",2008,0,0
"Venezuela","Bolivar/CARONI","CACHAMAY","parroquia","VE070101",2008,0,0
"Venezuela","Bolivar/CARONI","UNIVERSIDAD","parroquia","VE070107",2008,0,0
"Venezuela","Bolivar/CARONI","POZO VERDE","parroquia","VE070109",2008,0,0
"Venezuela","Bolivar/HERES","MARHUANTA","parroquia","VE070505",2008,0,0
"Venezuela","Bolivar/HERES","ORINOCO","parroquia","VE070507",2008,0,0
"Venezuela","Bolivar/HERES","CATEDRAL","parroquia","VE070502",2008,0,0
"Venezuela","Bolivar/HERES","AGUA SALADA","parroquia","VE070501",2008,0,0
"Venezuela","Bolivar/HERES","LA SABANITA","parroquia","VE070504",2008,0,0
"Venezuela","Bolivar/HERES","VISTA HERMOSA","parroquia","VE070506",2008,0,0
"Venezuela","Bolivar/SUCRE","MOITACO","parroquia","VE071005",2008,0,0
"Venezuela","Bolivar/HERES","JOSE ANTONIO PAEZ","parroquia","VE070503",2008,0,0
"Venezuela","Bolivar/PIAR","A. E. BLANCO","parroquia","VE070602",2008,2,0
"Venezuela","Bolivar/HERES","ZEA","parroquia","VE070509",2008,0,0
"Venezuela","Bolivar/SIFONTES","SECCION CAPITAL SIFONTES","parroquia","VE070901",2008,0,0
"Venezuela","Bolivar/RAUL LEONI","S. C. RAUL LEONI","parroquia","VE070701",2008,0,0
"Venezuela","Bolivar/ROSCIO","SALOM","parroquia","VE070802",2008,0,0
"Venezuela","Bolivar/CEDEÑO","ALTAGRACIA","parroquia","VE070202",2008,0,0
"Venezuela","Bolivar/CEDEÑO","ASCENCION FARRERAS","parroquia","VE070203",2008,863,134
"Venezuela","Bolivar/PIAR","PEDRO COVA","parroquia","VE070603",2008,1466,128
"Venezuela","Bolivar/ROSCIO","S. C. ROSCIO","parroquia","VE070801",2008,0,0
"Venezuela","Bolivar/SUCRE","LAS MAJADAS","parroquia","VE071004",2008,101,70
"Venezuela","Bolivar/CEDEÑO","SECCION CAPITAL CEDEÑO","parroquia","VE070201",2008,753,61
"Venezuela","Bolivar/EL CALLAO","C. EL CALLAO","parroquia","VE070301",2008,0,0
"Venezuela","Bolivar/RAUL LEONI","SANTA BARBARA","parroquia","VE070704",2008,25,2
"Venezuela","Bolivar/SUCRE","GUARATARO","parroquia","VE071003",2008,615,0
"Venezuela","Bolivar/SUCRE","S. C. SUCRE","parroquia","VE071001",2008,0,79
"Venezuela","Bolivar/RAUL LEONI","SAN FRANCISCO","parroquia","VE070703",2008,10,1
"Venezuela","Bolivar/SUCRE","ARIPAO","parroquia","VE071002",2008,0,0
"Venezuela","Bolivar/CEDEÑO","LA URBANA","parroquia","VE070205",2008,655,25
"Venezuela","Bolivar/SIFONTES","DALLA COSTA","parroquia","VE070902",2008,4058,1070
"Venezuela","Bolivar/CEDEÑO","GUANIAMO","parroquia","VE070204",2008,0,0
"Venezuela","Bolivar/RAUL LEONI","BARCELONETA","parroquia","VE070702",2008,539,113
"Venezuela","Bolivar/CEDEÑO","PIJIGUAOS","parroquia","VE070206",2008,0,0
"Venezuela","Bolivar/SIFONTES","SAN ISIDRO","parroquia","VE070903",2008,5023,1879
"Venezuela","Bolivar/GRAN SABANA","SECCION CAPITAL GRAN SABANA","parroquia","VE070401",2008,18,2
"Venezuela","Bolivar/GRAN SABANA","IKABARU","parroquia","VE070402",2008,761,158
"Venezuela","Bolivar/CARONI","ONCE DE ABRIL","parroquia","VE070104",2009,0,0
"Venezuela","Bolivar/PADRE PEDRO CHIEN","C. P. P. CHIEN","parroquia","VE071101",2009,0,0
"Venezuela","Bolivar/CARONI","SIMON BOLIVAR","parroquia","VE070105",2009,0,0
"Venezuela","Bolivar/CARONI","VISTA AL SOL","parroquia","VE070108",2009,0,0
"Venezuela","Bolivar/CARONI","YOCOIMA","parroquia","VE070110",2009,0,0
"Venezuela","Bolivar/PIAR","SECCION CAPITAL PIAR","parroquia","VE070601",2009,2,1
"Venezuela","Bolivar/CARONI","CHIRICA","parroquia","VE070102",2009,0,0
"Venezuela","Bolivar/CARONI","DALLA COSTA","parroquia","VE070103",2009,0,0
"Venezuela","Bolivar/CARONI","UNARE","parroquia","VE070106",2009,0,0
"Venezuela","Bolivar/HERES","PANAPANA","parroquia","VE070508",2009,0,0
"Venezuela","Bolivar/CARONI","CACHAMAY","parroquia","VE070101",2009,0,0
"Venezuela","Bolivar/CARONI","UNIVERSIDAD","parroquia","VE070107",2009,0,0
"Venezuela","Bolivar/CARONI","POZO VERDE","parroquia","VE070109",2009,0,0
"Venezuela","Bolivar/HERES","MARHUANTA","parroquia","VE070505",2009,0,0
"Venezuela","Bolivar/HERES","ORINOCO","parroquia","VE070507",2009,0,0
"Venezuela","Bolivar/HERES","CATEDRAL","parroquia","VE070502",2009,0,0
"Venezuela","Bolivar/HERES","AGUA SALADA","parroquia","VE070501",2009,0,0
"Venezuela","Bolivar/HERES","LA SABANITA","parroquia","VE070504",2009,0,0
"Venezuela","Bolivar/HERES","VISTA HERMOSA","parroquia","VE070506",2009,0,0
"Venezuela","Bolivar/SUCRE","MOITACO","parroquia","VE071005",2009,124,8
"Venezuela","Bolivar/HERES","JOSE ANTONIO PAEZ","parroquia","VE070503",2009,0,0
"Venezuela","Bolivar/PIAR","A. E. BLANCO","parroquia","VE070602",2009,0,0
"Venezuela","Bolivar/HERES","ZEA","parroquia","VE070509",2009,1,0
"Venezuela","Bolivar/SIFONTES","SECCION CAPITAL SIFONTES","parroquia","VE070901",2009,0,0
"Venezuela","Bolivar/RAUL LEONI","S. C. RAUL LEONI","parroquia","VE070701",2009,0,0
"Venezuela","Bolivar/ROSCIO","SALOM","parroquia","VE070802",2009,0,0
"Venezuela","Bolivar/CEDEÑO","ALTAGRACIA","parroquia","VE070202",2009,4,0
"Venezuela","Bolivar/CEDEÑO","ASCENCION FARRERAS","parroquia","VE070203",2009,565,144
"Venezuela","Bolivar/PIAR","PEDRO COVA","parroquia","VE070603",2009,2444,751
"Venezuela","Bolivar/ROSCIO","S. C. ROSCIO","parroquia","VE070801",2009,0,0
"Venezuela","Bolivar/SUCRE","LAS MAJADAS","parroquia","VE071004",2009,69,24
"Venezuela","Bolivar/CEDEÑO","SECCION CAPITAL CEDEÑO","parroquia","VE070201",2009,603,71
"Venezuela","Bolivar/EL CALLAO","C. EL CALLAO","parroquia","VE070301",2009,0,0
"Venezuela","Bolivar/RAUL LEONI","SANTA BARBARA","parroquia","VE070704",2009,22,3
"Venezuela","Bolivar/SUCRE","GUARATARO","parroquia","VE071003",2009,150,33
"Venezuela","Bolivar/SUCRE","S. C. SUCRE","parroquia","VE071001",2009,7,4
"Venezuela","Bolivar/RAUL LEONI","SAN FRANCISCO","parroquia","VE070703",2009,36,0
"Venezuela","Bolivar/SUCRE","ARIPAO","parroquia","VE071002",2009,189,121
"Venezuela","Bolivar/CEDEÑO","LA URBANA","parroquia","VE070205",2009,333,35
"Venezuela","Bolivar/SIFONTES","DALLA COSTA","parroquia","VE070902",2009,3989,1159
"Venezuela","Bolivar/CEDEÑO","GUANIAMO","parroquia","VE070204",2009,2,0
"Venezuela","Bolivar/RAUL LEONI","BARCELONETA","parroquia","VE070702",2009,757,264
"Venezuela","Bolivar/CEDEÑO","PIJIGUAOS","parroquia","VE070206",2009,0,0
"Venezuela","Bolivar/SIFONTES","SAN ISIDRO","parroquia","VE070903",2009,8040,3181
"Venezuela","Bolivar/GRAN SABANA","SECCION CAPITAL GRAN SABANA","parroquia","VE070401",2009,40,4
"Venezuela","Bolivar/GRAN SABANA","IKABARU","parroquia","VE070402",2009,921,96
"Venezuela","Bolivar/CARONI","ONCE DE ABRIL","parroquia","VE070104",2010,5,0
"Venezuela","Bolivar/PADRE PEDRO CHIEN","C. P. P. CHIEN","parroquia","VE071101",2010,0,0
"Venezuela","Bolivar/CARONI","SIMON BOLIVAR","parroquia","VE070105",2010,0,0
"Venezuela","Bolivar/CARONI","VISTA AL SOL","parroquia","VE070108",2010,3,0
"Venezuela","Bolivar/CARONI","YOCOIMA","parroquia","VE070110",2010,8,0
"Venezuela","Bolivar/PIAR","SECCION CAPITAL PIAR","parroquia","VE070601",2010,4,0
"Venezuela","Bolivar/CARONI","CHIRICA","parroquia","VE070102",2010,6,0
"Venezuela","Bolivar/CARONI","DALLA COSTA","parroquia","VE070103",2010,0,0
"Venezuela","Bolivar/CARONI","UNARE","parroquia","VE070106",2010,1,0
"Venezuela","Bolivar/HERES","PANAPANA","parroquia","VE070508",2010,7,0
"Venezuela","Bolivar/CARONI","CACHAMAY","parroquia","VE070101",2010,0,0
"Venezuela","Bolivar/CARONI","UNIVERSIDAD","parroquia","VE070107",2010,0,0
"Venezuela","Bolivar/CARONI","POZO VERDE","parroquia","VE070109",2010,3,0
"Venezuela","Bolivar/HERES","MARHUANTA","parroquia","VE070505",2010,0,0
"Venezuela","Bolivar/HERES","ORINOCO","parroquia","VE070507",2010,7,0
"Venezuela","Bolivar/HERES","CATEDRAL","parroquia","VE070502",2010,0,0
"Venezuela","Bolivar/HERES","AGUA SALADA","parroquia","VE070501",2010,0,0
"Venezuela","Bolivar/HERES","LA SABANITA","parroquia","VE070504",2010,0,0
"Venezuela","Bolivar/HERES","VISTA HERMOSA","parroquia","VE070506",2010,0,0
"Venezuela","Bolivar/SUCRE","MOITACO","parroquia","VE071005",2010,301,61
"Venezuela","Bolivar/HERES","JOSE ANTONIO PAEZ","parroquia","VE070503",2010,3,0
"Venezuela","Bolivar/PIAR","A. E. BLANCO","parroquia","VE070602",2010,1,0
"Venezuela","Bolivar/HERES","ZEA","parroquia","VE070509",2010,0,2
"Venezuela","Bolivar/SIFONTES","SECCION CAPITAL SIFONTES","parroquia","VE070901",2010,23,5
"Venezuela","Bolivar/RAUL LEONI","S. C. RAUL LEONI","parroquia","VE070701",2010,0,0
"Venezuela","Bolivar/ROSCIO","SALOM","parroquia","VE070802",2010,0,0
"Venezuela","Bolivar/CEDEÑO","ALTAGRACIA","parroquia","VE070202",2010,0,1
"Venezuela","Bolivar/CEDEÑO","ASCENCION FARRERAS","parroquia","VE070203",2010,2291,840
"Venezuela","Bolivar/PIAR","PEDRO COVA","parroquia","VE070603",2010,1232,522
"Venezuela","Bolivar/ROSCIO","S. C. ROSCIO","parroquia","VE070801",2010,2,2
"Venezuela","Bolivar/SUCRE","LAS MAJADAS","parroquia","VE071004",2010,61,20
"Venezuela","Bolivar/CEDEÑO","SECCION CAPITAL CEDEÑO","parroquia","VE070201",2010,410,80
"Venezuela","Bolivar/EL CALLAO","C. EL CALLAO","parroquia","VE070301",2010,3,1
"Venezuela","Bolivar/RAUL LEONI","SANTA BARBARA","parroquia","VE070704",2010,77,41
"Venezuela","Bolivar/SUCRE","GUARATARO","parroquia","VE071003",2010,199,107
"Venezuela","Bolivar/SUCRE","S. C. SUCRE","parroquia","VE071001",2010,47,11
"Venezuela","Bolivar/RAUL LEONI","SAN FRANCISCO","parroquia","VE070703",2010,391,103
"Venezuela","Bolivar/SUCRE","ARIPAO","parroquia","VE071002",2010,520,243
"Venezuela","Bolivar/CEDEÑO","LA URBANA","parroquia","VE070205",2010,202,48
"Venezuela","Bolivar/SIFONTES","DALLA COSTA","parroquia","VE070902",2010,2799,1210
"Venezuela","Bolivar/CEDEÑO","GUANIAMO","parroquia","VE070204",2010,21,0
"Venezuela","Bolivar/RAUL LEONI","BARCELONETA","parroquia","VE070702",2010,2635,639
"Venezuela","Bolivar/CEDEÑO","PIJIGUAOS","parroquia","VE070206",2010,0,0
"Venezuela","Bolivar/SIFONTES","SAN ISIDRO","parroquia","VE070903",2010,9069,4255
"Venezuela","Bolivar/GRAN SABANA","SECCION CAPITAL GRAN SABANA","parroquia","VE070401",2010,902,42
"Venezuela","Bolivar/GRAN SABANA","IKABARU","parroquia","VE070402",2010,2363,610
"Venezuela","Bolivar/CARONI","ONCE DE ABRIL","parroquia","VE070104",2011,0,0
"Venezuela","Bolivar/PADRE PEDRO CHIEN","C. P. P. CHIEN","parroquia","VE071101",2011,0,0
"Venezuela","Bolivar/CARONI","SIMON BOLIVAR","parroquia","VE070105",2011,0,0
"Venezuela","Bolivar/CARONI","VISTA AL SOL","parroquia","VE070108",2011,0,0
"Venezuela","Bolivar/CARONI","YOCOIMA","parroquia","VE070110",2011,0,0
"Venezuela","Bolivar/PIAR","SECCION CAPITAL PIAR","parroquia","VE070601",2011,0,0
"Venezuela","Bolivar/CARONI","CHIRICA","parroquia","VE070102",2011,0,0
"Venezuela","Bolivar/CARONI","DALLA COSTA","parroquia","VE070103",2011,0,0
"Venezuela","Bolivar/CARONI","UNARE","parroquia","VE070106",2011,0,0
"Venezuela","Bolivar/HERES","PANAPANA","parroquia","VE070508",2011,0,0
"Venezuela","Bolivar/CARONI","CACHAMAY","parroquia","VE070101",2011,0,0
"Venezuela","Bolivar/CARONI","UNIVERSIDAD","parroquia","VE070107",2011,0,0
"Venezuela","Bolivar/CARONI","POZO VERDE","parroquia","VE070109",2011,0,0
"Venezuela","Bolivar/HERES","MARHUANTA","parroquia","VE070505",2011,0,0
"Venezuela","Bolivar/HERES","ORINOCO","parroquia","VE070507",2011,0,0
"Venezuela","Bolivar/HERES","CATEDRAL","parroquia","VE070502",2011,0,0
"Venezuela","Bolivar/HERES","AGUA SALADA","parroquia","VE070501",2011,0,0
"Venezuela","Bolivar/HERES","LA SABANITA","parroquia","VE070504",2011,0,0
"Venezuela","Bolivar/HERES","VISTA HERMOSA","parroquia","VE070506",2011,0,0
"Venezuela","Bolivar/SUCRE","MOITACO","parroquia","VE071005",2011,454,252
"Venezuela","Bolivar/HERES","JOSE ANTONIO PAEZ","parroquia","VE070503",2011,0,0
"Venezuela","Bolivar/PIAR","A. E. BLANCO","parroquia","VE070602",2011,1,0
"Venezuela","Bolivar/HERES","ZEA","parroquia","VE070509",2011,0,0
"Venezuela","Bolivar/SIFONTES","SECCION CAPITAL SIFONTES","parroquia","VE070901",2011,3,0
"Venezuela","Bolivar/RAUL LEONI","S. C. RAUL LEONI","parroquia","VE070701",2011,1,0
"Venezuela","Bolivar/ROSCIO","SALOM","parroquia","VE070802",2011,0,0
"Venezuela","Bolivar/CEDEÑO","ALTAGRACIA","parroquia","VE070202",2011,0,0
"Venezuela","Bolivar/CEDEÑO","ASCENCION FARRERAS","parroquia","VE070203",2011,957,188
"Venezuela","Bolivar/PIAR","PEDRO COVA","parroquia","VE070603",2011,971,182
"Venezuela","Bolivar/ROSCIO","S. C. ROSCIO","parroquia","VE070801",2011,0,0
"Venezuela","Bolivar/SUCRE","LAS MAJADAS","parroquia","VE071004",2011,105,24
"Venezuela","Bolivar/CEDEÑO","SECCION CAPITAL CEDEÑO","parroquia","VE070201",2011,586,76
"Venezuela","Bolivar/EL CALLAO","C. EL CALLAO","parroquia","VE070301",2011,1,0
"Venezuela","Bolivar/RAUL LEONI","SANTA BARBARA","parroquia","VE070704",2011,46,5
"Venezuela","Bolivar/SUCRE","GUARATARO","parroquia","VE071003",2011,569,143
"Venezuela","Bolivar/SUCRE","S. C. SUCRE","parroquia","VE071001",2011,6,2
"Venezuela","Bolivar/RAUL LEONI","SAN FRANCISCO","parroquia","VE070703",2011,26,136
"Venezuela","Bolivar/SUCRE","ARIPAO","parroquia","VE071002",2011,768,238
"Venezuela","Bolivar/CEDEÑO","LA URBANA","parroquia","VE070205",2011,234,53
"Venezuela","Bolivar/SIFONTES","DALLA COSTA","parroquia","VE070902",2011,4243,1313
"Venezuela","Bolivar/CEDEÑO","GUANIAMO","parroquia","VE070204",2011,1,0
"Venezuela","Bolivar/RAUL LEONI","BARCELONETA","parroquia","VE070702",2011,951,126
"Venezuela","Bolivar/CEDEÑO","PIJIGUAOS","parroquia","VE070206",2011,0,0
"Venezuela","Bolivar/SIFONTES","SAN ISIDRO","parroquia","VE070903",2011,11940,5190
"Venezuela","Bolivar/GRAN SABANA","SECCION CAPITAL GRAN SABANA","parroquia","VE070401",2011,266,13
"Venezuela","Bolivar/GRAN SABANA","IKABARU","parroquia","VE070402",2011,1315,186
"Venezuela","Bolivar/CARONI","ONCE DE ABRIL","parroquia","VE070104",2012,0,0
"Venezuela","Bolivar/PADRE PEDRO CHIEN","C. P. P. CHIEN","parroquia","VE071101",2012,0,0
"Venezuela","Bolivar/CARONI","SIMON BOLIVAR","parroquia","VE070105",2012,0,0
"Venezuela","Bolivar/CARONI","VISTA AL SOL","parroquia","VE070108",2012,0,0
"Venezuela","Bolivar/CARONI","YOCOIMA","parroquia","VE070110",2012,0,0
"Venezuela","Bolivar/PIAR","SECCION CAPITAL PIAR","parroquia","VE070601",2012,6,1
"Venezuela","Bolivar/CARONI","CHIRICA","parroquia","VE070102",2012,0,0
"Venezuela","Bolivar/CARONI","DALLA COSTA","parroquia","VE070103",2012,0,0
"Venezuela","Bolivar/CARONI","UNARE","parroquia","VE070106",2012,0,0
"Venezuela","Bolivar/HERES","PANAPANA","parroquia","VE070508",2012,0,0
"Venezuela","Bolivar/CARONI","CACHAMAY","parroquia","VE070101",2012,0,0
"Venezuela","Bolivar/CARONI","UNIVERSIDAD","parroquia","VE070107",2012,0,0
"Venezuela","Bolivar/CARONI","POZO VERDE","parroquia","VE070109",2012,0,0
"Venezuela","Bolivar/HERES","MARHUANTA","parroquia","VE070505",2012,0,0
"Venezuela","Bolivar/HERES","ORINOCO","parroquia","VE070507",2012,0,0
"Venezuela","Bolivar/HERES","CATEDRAL","parroquia","VE070502",2012,0,0
"Venezuela","Bolivar/HERES","AGUA SALADA","parroquia","VE070501",2012,0,0
"Venezuela","Bolivar/HERES","LA SABANITA","parroquia","VE070504",2012,0,0
"Venezuela","Bolivar/HERES","VISTA HERMOSA","parroquia","VE070506",2012,0,0
"Venezuela","Bolivar/SUCRE","MOITACO","parroquia","VE071005",2012,164,115
"Venezuela","Bolivar/HERES","JOSE ANTONIO PAEZ","parroquia","VE070503",2012,0,0
"Venezuela","Bolivar/PIAR","A. E. BLANCO","parroquia","VE070602",2012,72,1
"Venezuela","Bolivar/HERES","ZEA","parroquia","VE070509",2012,0,0
"Venezuela","Bolivar/SIFONTES","SECCION CAPITAL SIFONTES","parroquia","VE070901",2012,0,0
"Venezuela","Bolivar/RAUL LEONI","S. C. RAUL LEONI","parroquia","VE070701",2012,0,0
"Venezuela","Bolivar/ROSCIO","SALOM","parroquia","VE070802",2012,0,0
"Venezuela","Bolivar/CEDEÑO","ALTAGRACIA","parroquia","VE070202",2012,0,0
"Venezuela","Bolivar/CEDEÑO","ASCENCION FARRERAS","parroquia","VE070203",2012,988,181
"Venezuela","Bolivar/PIAR","PEDRO COVA","parroquia","VE070603",2012,1506,341
"Venezuela","Bolivar/ROSCIO","S. C. ROSCIO","parroquia","VE070801",2012,0,0
"Venezuela","Bolivar/SUCRE","LAS MAJADAS","parroquia","VE071004",2012,135,14
"Venezuela","Bolivar/CEDEÑO","SECCION CAPITAL CEDEÑO","parroquia","VE070201",2012,980,234
"Venezuela","Bolivar/EL CALLAO","C. EL CALLAO","parroquia","VE070301",2012,0,0
"Venezuela","Bolivar/RAUL LEONI","SANTA BARBARA","parroquia","VE070704",2012,78,14
"Venezuela","Bolivar/SUCRE","GUARATARO","parroquia","VE071003",2012,316,91
"Venezuela","Bolivar/SUCRE","S. C. SUCRE","parroquia","VE071001",2012,0,0
"Venezuela","Bolivar/RAUL LEONI","SAN FRANCISCO","parroquia","VE070703",2012,127,34
"Venezuela","Bolivar/SUCRE","ARIPAO","parroquia","VE071002",2012,471,104
"Venezuela","Bolivar/CEDEÑO","LA URBANA","parroquia","VE070205",2012,280,35
"Venezuela","Bolivar/SIFONTES","DALLA COSTA","parroquia","VE070902",2012,5908,2278
"Venezuela","Bolivar/CEDEÑO","GUANIAMO","parroquia","VE070204",2012,0,0
"Venezuela","Bolivar/RAUL LEONI","BARCELONETA","parroquia","VE070702",2012,810,151
"Venezuela","Bolivar/CEDEÑO","PIJIGUAOS","parroquia","VE070206",2012,0,0
"Venezuela","Bolivar/SIFONTES","SAN ISIDRO","parroquia","VE070903",2012,12186,4817
"Venezuela","Bolivar/GRAN SABANA","SECCION CAPITAL GRAN SABANA","parroquia","VE070401",2012,166,5
"Venezuela","Bolivar/GRAN SABANA","IKABARU","parroquia","VE070402",2012,1650,484
"Venezuela","Bolivar/CARONI","ONCE DE ABRIL","parroquia","VE070104",2013,1,0
"Venezuela","Bolivar/PADRE PEDRO CHIEN","C. P. P. CHIEN","parroquia","VE071101",2013,0,0
"Venezuela","Bolivar/CARONI","SIMON BOLIVAR","parroquia","VE070105",2013,0,0
"Venezuela","Bolivar/CARONI","VISTA AL SOL","parroquia","VE070108",2013,0,0
"Venezuela","Bolivar/CARONI","YOCOIMA","parroquia","VE070110",2013,2,0
"Venezuela","Bolivar/PIAR","SECCION CAPITAL PIAR","parroquia","VE070601",2013,0,0
"Venezuela","Bolivar/CARONI","CHIRICA","parroquia","VE070102",2013,0,0
"Venezuela","Bolivar/CARONI","DALLA COSTA","parroquia","VE070103",2013,0,0
"Venezuela","Bolivar/CARONI","UNARE","parroquia","VE070106",2013,0,0
"Venezuela","Bolivar/HERES","PANAPANA","parroquia","VE070508",2013,0,0
"Venezuela","Bolivar/CARONI","CACHAMAY","parroquia","VE070101",2013,0,0
"Venezuela","Bolivar/CARONI","UNIVERSIDAD","parroquia","VE070107",2013,0,0
"Venezuela","Bolivar/CARONI","POZO VERDE","parroquia","VE070109",2013,5,0
"Venezuela","Bolivar/HERES","MARHUANTA","parroquia","VE070505",2013,2,0
"Venezuela","Bolivar/HERES","ORINOCO","parroquia","VE070507",2013,2,0
"Venezuela","Bolivar/HERES","CATEDRAL","parroquia","VE070502",2013,0,0
"Venezuela","Bolivar/HERES","AGUA SALADA","parroquia","VE070501",2013,0,0
"Venezuela","Bolivar/HERES","LA SABANITA","parroquia","VE070504",2013,0,0
"Venezuela","Bolivar/HERES","VISTA HERMOSA","parroquia","VE070506",2013,0,1
"Venezuela","Bolivar/SUCRE","MOITACO","parroquia","VE071005",2013,203,228
"Venezuela","Bolivar/HERES","JOSE ANTONIO PAEZ","parroquia","VE070503",2013,0,0
"Venezuela","Bolivar/PIAR","A. E. BLANCO","parroquia","VE070602",2013,32,3
"Venezuela","Bolivar/HERES","ZEA","parroquia","VE070509",2013,6,2
"Venezuela","Bolivar/SIFONTES","SECCION CAPITAL SIFONTES","parroquia","VE070901",2013,131,65
"Venezuela","Bolivar/RAUL LEONI","S. C. RAUL LEONI","parroquia","VE070701",2013,0,0
"Venezuela","Bolivar/ROSCIO","SALOM","parroquia","VE070802",2013,0,0
"Venezuela","Bolivar/CEDEÑO","ALTAGRACIA","parroquia","VE070202",2013,3,2
"Venezuela","Bolivar/CEDEÑO","ASCENCION FARRERAS","parroquia","VE070203",2013,962,633
"Venezuela","Bolivar/PIAR","PEDRO COVA","parroquia","VE070603",2013,1349,665
"Venezuela","Bolivar/ROSCIO","S. C. ROSCIO","parroquia","VE070801",2013,9,3
"Venezuela","Bolivar/SUCRE","LAS MAJADAS","parroquia","VE071004",2013,69,30
"Venezuela","Bolivar/CEDEÑO","SECCION CAPITAL CEDEÑO","parroquia","VE070201",2013,988,275
"Venezuela","Bolivar/EL CALLAO","C. EL CALLAO","parroquia","VE070301",2013,28,33
"Venezuela","Bolivar/RAUL LEONI","SANTA BARBARA","parroquia","VE070704",2013,707,288
"Venezuela","Bolivar/SUCRE","GUARATARO","parroquia","VE071003",2013,359,242
"Venezuela","Bolivar/SUCRE","S. C. SUCRE","parroquia","VE071001",2013,78,27
"Venezuela","Bolivar/RAUL LEONI","SAN FRANCISCO","parroquia","VE070703",2013,90,46
"Venezuela","Bolivar/SUCRE","ARIPAO","parroquia","VE071002",2013,485,257
"Venezuela","Bolivar/CEDEÑO","LA URBANA","parroquia","VE070205",2013,531,25
"Venezuela","Bolivar/SIFONTES","DALLA COSTA","parroquia","VE070902",2013,6533,3524
"Venezuela","Bolivar/CEDEÑO","GUANIAMO","parroquia","VE070204",2013,4,0
"Venezuela","Bolivar/RAUL LEONI","BARCELONETA","parroquia","VE070702",2013,1086,261
"Venezuela","Bolivar/CEDEÑO","PIJIGUAOS","parroquia","VE070206",2013,0,0
"Venezuela","Bolivar/SIFONTES","SAN ISIDRO","parroquia","VE070903",2013,16664,10288
"Venezuela","Bolivar/GRAN SABANA","SECCION CAPITAL GRAN SABANA","parroquia","VE070401",2013,284,74
"Venezuela","Bolivar/GRAN SABANA","IKABARU","parroquia","VE070402",2013,2178,1155
"Venezuela","Bolivar/CARONI","ONCE DE ABRIL","parroquia","VE070104",2014,2,0
"Venezuela","Bolivar/PADRE PEDRO CHIEN","C. P. P. CHIEN","parroquia","VE071101",2014,0,0
"Venezuela","Bolivar/CARONI","SIMON BOLIVAR","parroquia","VE070105",2014,0,0
"Venezuela","Bolivar/CARONI","VISTA AL SOL","parroquia","VE070108",2014,0,0
"Venezuela","Bolivar/CARONI","YOCOIMA","parroquia","VE070110",2014,1,0
"Venezuela","Bolivar/PIAR","SECCION CAPITAL PIAR","parroquia","VE070601",2014,10,1
"Venezuela","Bolivar/CARONI","CHIRICA","parroquia","VE070102",2014,0,0
"Venezuela","Bolivar/CARONI","DALLA COSTA","parroquia","VE070103",2014,0,0
"Venezuela","Bolivar/CARONI","UNARE","parroquia","VE070106",2014,0,0
"Venezuela","Bolivar/HERES","PANAPANA","parroquia","VE070508",2014,1,1
"Venezuela","Bolivar/CARONI","CACHAMAY","parroquia","VE070101",2014,0,0
"Venezuela","Bolivar/CARONI","UNIVERSIDAD","parroquia","VE070107",2014,0,0
"Venezuela","Bolivar/CARONI","POZO VERDE","parroquia","VE070109",2014,10,10
"Venezuela","Bolivar/HERES","MARHUANTA","parroquia","VE070505",2014,1,0
"Venezuela","Bolivar/HERES","ORINOCO","parroquia","VE070507",2014,2,0
"Venezuela","Bolivar/HERES","CATEDRAL","parroquia","VE070502",2014,1,0
"Venezuela","Bolivar/HERES","AGUA SALADA","parroquia","VE070501",2014,0,0
"Venezuela","Bolivar/HERES","LA SABANITA","parroquia","VE070504",2014,0,0
"Venezuela","Bolivar/HERES","VISTA HERMOSA","parroquia","VE070506",2014,1,0
"Venezuela","Bolivar/SUCRE","MOITACO","parroquia","VE071005",2014,358,245
"Venezuela","Bolivar/HERES","JOSE ANTONIO PAEZ","parroquia","VE070503",2014,1,0
"Venezuela","Bolivar/PIAR","A. E. BLANCO","parroquia","VE070602",2014,14,0
"Venezuela","Bolivar/HERES","ZEA","parroquia","VE070509",2014,4,1
"Venezuela","Bolivar/SIFONTES","SECCION CAPITAL SIFONTES","parroquia","VE070901",2014,19,18
"Venezuela","Bolivar/RAUL LEONI","S. C. RAUL LEONI","parroquia","VE070701",2014,0,0
"Venezuela","Bolivar/ROSCIO","SALOM","parroquia","VE070802",2014,0,0
"Venezuela","Bolivar/CEDEÑO","ALTAGRACIA","parroquia","VE070202",2014,2,1
"Venezuela","Bolivar/CEDEÑO","ASCENCION FARRERAS","parroquia","VE070203",2014,1154,735
"Venezuela","Bolivar/PIAR","PEDRO COVA","parroquia","VE070603",2014,1164,469
"Venezuela","Bolivar/ROSCIO","S. C. ROSCIO","parroquia","VE070801",2014,8,0
"Venezuela","Bolivar/SUCRE","LAS MAJADAS","parroquia","VE071004",2014,62,12
"Venezuela","Bolivar/CEDEÑO","SECCION CAPITAL CEDEÑO","parroquia","VE070201",2014,1024,206
"Venezuela","Bolivar/EL CALLAO","C. EL CALLAO","parroquia","VE070301",2014,5,3
"Venezuela","Bolivar/RAUL LEONI","SANTA BARBARA","parroquia","VE070704",2014,896,423
"Venezuela","Bolivar/SUCRE","GUARATARO","parroquia","VE071003",2014,238,98
"Venezuela","Bolivar/SUCRE","S. C. SUCRE","parroquia","VE071001",2014,50,12
"Venezuela","Bolivar/RAUL LEONI","SAN FRANCISCO","parroquia","VE070703",2014,163,132
"Venezuela","Bolivar/SUCRE","ARIPAO","parroquia","VE071002",2014,935,567
"Venezuela","Bolivar/CEDEÑO","LA URBANA","parroquia","VE070205",2014,596,66
"Venezuela","Bolivar/SIFONTES","DALLA COSTA","parroquia","VE070902",2014,5823,2392
"Venezuela","Bolivar/CEDEÑO","GUANIAMO","parroquia","VE070204",2014,5,0
"Venezuela","Bolivar/RAUL LEONI","BARCELONETA","parroquia","VE070702",2014,2649,369
"Venezuela","Bolivar/CEDEÑO","PIJIGUAOS","parroquia","VE070206",2014,0,0
"Venezuela","Bolivar/SIFONTES","SAN ISIDRO","parroquia","VE070903",2014,22757,8995
"Venezuela","Bolivar/GRAN SABANA","SECCION CAPITAL GRAN SABANA","parroquia","VE070401",2014,165,48
"Venezuela","Bolivar/GRAN SABANA","IKABARU","parroquia","VE070402",2014,2452,719
"Venezuela","Bolivar/CARONI","ONCE DE ABRIL","parroquia","VE070104",2015,14,0
"Venezuela","Bolivar/PADRE PEDRO CHIEN","C. P. P. CHIEN","parroquia","VE071101",2015,10,0
"Venezuela","Bolivar/CARONI","SIMON BOLIVAR","parroquia","VE070105",2015,0,0
"Venezuela","Bolivar/CARONI","VISTA AL SOL","parroquia","VE070108",2015,2,0
"Venezuela","Bolivar/CARONI","YOCOIMA","parroquia","VE070110",2015,17,2
"Venezuela","Bolivar/PIAR","SECCION CAPITAL PIAR","parroquia","VE070601",2015,100,8
"Venezuela","Bolivar/CARONI","CHIRICA","parroquia","VE070102",2015,0,0
"Venezuela","Bolivar/CARONI","DALLA COSTA","parroquia","VE070103",2015,0,0
"Venezuela","Bolivar/CARONI","UNARE","parroquia","VE070106",2015,1,0
"Venezuela","Bolivar/HERES","PANAPANA","parroquia","VE070508",2015,9,0
"Venezuela","Bolivar/CARONI","CACHAMAY","parroquia","VE070101",2015,0,0
"Venezuela","Bolivar/CARONI","UNIVERSIDAD","parroquia","VE070107",2015,0,0
"Venezuela","Bolivar/CARONI","POZO VERDE","parroquia","VE070109",2015,151,22
"Venezuela","Bolivar/HERES","MARHUANTA","parroquia","VE070505",2015,1,0
"Venezuela","Bolivar/HERES","ORINOCO","parroquia","VE070507",2015,5,0
"Venezuela","Bolivar/HERES","CATEDRAL","parroquia","VE070502",2015,0,0
"Venezuela","Bolivar/HERES","AGUA SALADA","parroquia","VE070501",2015,3,0
"Venezuela","Bolivar/HERES","LA SABANITA","parroquia","VE070504",2015,0,0
"Venezuela","Bolivar/HERES","VISTA HERMOSA","parroquia","VE070506",2015,3,0
"Venezuela","Bolivar/SUCRE","MOITACO","parroquia","VE071005",2015,741,174
"Venezuela","Bolivar/HERES","JOSE ANTONIO PAEZ","parroquia","VE070503",2015,1,0
"Venezuela","Bolivar/PIAR","A. E. BLANCO","parroquia","VE070602",2015,27,3
"Venezuela","Bolivar/HERES","ZEA","parroquia","VE070509",2015,7,2
"Venezuela","Bolivar/SIFONTES","SECCION CAPITAL SIFONTES","parroquia","VE070901",2015,67,5
"Venezuela","Bolivar/RAUL LEONI","S. C. RAUL LEONI","parroquia","VE070701",2015,0,0
"Venezuela","Bolivar/ROSCIO","SALOM","parroquia","VE070802",2015,0,0
"Venezuela","Bolivar/CEDEÑO","ALTAGRACIA","parroquia","VE070202",2015,14,3
"Venezuela","Bolivar/CEDEÑO","ASCENCION FARRERAS","parroquia","VE070203",2015,1503,335
"Venezuela","Bolivar/PIAR","PEDRO COVA","parroquia","VE070603",2015,1331,375
"Venezuela","Bolivar/ROSCIO","S. C. ROSCIO","parroquia","VE070801",2015,8,2
"Venezuela","Bolivar/SUCRE","LAS MAJADAS","parroquia","VE071004",2015,157,19
"Venezuela","Bolivar/CEDEÑO","SECCION CAPITAL CEDEÑO","parroquia","VE070201",2015,1618,166
"Venezuela","Bolivar/EL CALLAO","C. EL CALLAO","parroquia","VE070301",2015,182,13
"Venezuela","Bolivar/RAUL LEONI","SANTA BARBARA","parroquia","VE070704",2015,1686,508
"Venezuela","Bolivar/SUCRE","GUARATARO","parroquia","VE071003",2015,393,51
"Venezuela","Bolivar/SUCRE","S. C. SUCRE","parroquia","VE071001",2015,54,6
"Venezuela","Bolivar/RAUL LEONI","SAN FRANCISCO","parroquia","VE070703",2015,373,38
"Venezuela","Bolivar/SUCRE","ARIPAO","parroquia","VE071002",2015,846,246
"Venezuela","Bolivar/CEDEÑO","LA URBANA","parroquia","VE070205",2015,496,145
"Venezuela","Bolivar/SIFONTES","DALLA COSTA","parroquia","VE070902",2015,8648,2474
"Venezuela","Bolivar/CEDEÑO","GUANIAMO","parroquia","VE070204",2015,18,4
"Venezuela","Bolivar/RAUL LEONI","BARCELONETA","parroquia","VE070702",2015,2993,603
"Venezuela","Bolivar/CEDEÑO","PIJIGUAOS","parroquia","VE070206",2015,0,0
"Venezuela","Bolivar/SIFONTES","SAN ISIDRO","parroquia","VE070903",2015,29009,9149
"Venezuela","Bolivar/GRAN SABANA","SECCION CAPITAL GRAN SABANA","parroquia","VE070401",2015,497,98
"Venezuela","Bolivar/GRAN SABANA","IKABARU","parroquia","VE070402",2015,3729,1201
"Venezuela","Bolivar/CARONI","ONCE DE ABRIL","parroquia","VE070104",2016,154,9
"Venezuela","Bolivar/PADRE PEDRO CHIEN","C. P. P. CHIEN","parroquia","VE071101",2016,0,0
"Venezuela","Bolivar/CARONI","SIMON BOLIVAR","parroquia","VE070105",2016,93,2
"Venezuela","Bolivar/CARONI","VISTA AL SOL","parroquia","VE070108",2016,28,1
"Venezuela","Bolivar/CARONI","YOCOIMA","parroquia","VE070110",2016,513,48
"Venezuela","Bolivar/PIAR","SECCION CAPITAL PIAR","parroquia","VE070601",2016,376,25
"Venezuela","Bolivar/CARONI","CHIRICA","parroquia","VE070102",2016,179,7
"Venezuela","Bolivar/CARONI","DALLA COSTA","parroquia","VE070103",2016,85,1
"Venezuela","Bolivar/CARONI","UNARE","parroquia","VE070106",2016,29,0
"Venezuela","Bolivar/HERES","PANAPANA","parroquia","VE070508",2016,124,13
"Venezuela","Bolivar/CARONI","CACHAMAY","parroquia","VE070101",2016,9,0
"Venezuela","Bolivar/CARONI","UNIVERSIDAD","parroquia","VE070107",2016,4,0
"Venezuela","Bolivar/CARONI","POZO VERDE","parroquia","VE070109",2016,4579,296
"Venezuela","Bolivar/HERES","MARHUANTA","parroquia","VE070505",2016,69,6
"Venezuela","Bolivar/HERES","ORINOCO","parroquia","VE070507",2016,191,34
"Venezuela","Bolivar/HERES","CATEDRAL","parroquia","VE070502",2016,39,7
"Venezuela","Bolivar/HERES","AGUA SALADA","parroquia","VE070501",2016,101,9
"Venezuela","Bolivar/HERES","LA SABANITA","parroquia","VE070504",2016,67,16
"Venezuela","Bolivar/HERES","VISTA HERMOSA","parroquia","VE070506",2016,158,11
"Venezuela","Bolivar/SUCRE","MOITACO","parroquia","VE071005",2016,2301,362
"Venezuela","Bolivar/HERES","JOSE ANTONIO PAEZ","parroquia","VE070503",2016,34,6
"Venezuela","Bolivar/PIAR","A. E. BLANCO","parroquia","VE070602",2016,85,6
"Venezuela","Bolivar/HERES","ZEA","parroquia","VE070509",2016,701,93
"Venezuela","Bolivar/SIFONTES","SECCION CAPITAL SIFONTES","parroquia","VE070901",2016,1927,572
"Venezuela","Bolivar/RAUL LEONI","S. C. RAUL LEONI","parroquia","VE070701",2016,0,0
"Venezuela","Bolivar/ROSCIO","SALOM","parroquia","VE070802",2016,271,0
"Venezuela","Bolivar/CEDEÑO","ALTAGRACIA","parroquia","VE070202",2016,32,7
"Venezuela","Bolivar/CEDEÑO","ASCENCION FARRERAS","parroquia","VE070203",2016,2530,433
"Venezuela","Bolivar/PIAR","PEDRO COVA","parroquia","VE070603",2016,2547,887
"Venezuela","Bolivar/ROSCIO","S. C. ROSCIO","parroquia","VE070801",2016,0,35
"Venezuela","Bolivar/SUCRE","LAS MAJADAS","parroquia","VE071004",2016,420,55
"Venezuela","Bolivar/CEDEÑO","SECCION CAPITAL CEDEÑO","parroquia","VE070201",2016,2900,404
"Venezuela","Bolivar/EL CALLAO","C. EL CALLAO","parroquia","VE070301",2016,6268,1016
"Venezuela","Bolivar/RAUL LEONI","SANTA BARBARA","parroquia","VE070704",2016,2655,609
"Venezuela","Bolivar/SUCRE","GUARATARO","parroquia","VE071003",2016,1806,196
"Venezuela","Bolivar/SUCRE","S. C. SUCRE","parroquia","VE071001",2016,810,135
"Venezuela","Bolivar/RAUL LEONI","SAN FRANCISCO","parroquia","VE070703",2016,998,101
"Venezuela","Bolivar/SUCRE","ARIPAO","parroquia","VE071002",2016,1271,430
"Venezuela","Bolivar/CEDEÑO","LA URBANA","parroquia","VE070205",2016,808,80
"Venezuela","Bolivar/SIFONTES","DALLA COSTA","parroquia","VE070902",2016,13333,6613
"Venezuela","Bolivar/CEDEÑO","GUANIAMO","parroquia","VE070204",2016,72,29
"Venezuela","Bolivar/RAUL LEONI","BARCELONETA","parroquia","VE070702",2016,3690,805
"Venezuela","Bolivar/CEDEÑO","PIJIGUAOS","parroquia","VE070206",2016,0,0
"Venezuela","Bolivar/SIFONTES","SAN ISIDRO","parroquia","VE070903",2016,36610,12231
"Venezuela","Bolivar/GRAN SABANA","SECCION CAPITAL GRAN SABANA","parroquia","VE070401",2016,2474,424
"Venezuela","Bolivar/GRAN SABANA","IKABARU","parroquia","VE070402",2016,5696,2780
"Venezuela","Bolivar/CARONI","ONCE DE ABRIL","parroquia","VE070104",2017,189,12
"Venezuela","Bolivar/PADRE PEDRO CHIEN","C. P. P. CHIEN","parroquia","VE071101",2017,4,1
"Venezuela","Bolivar/CARONI","SIMON BOLIVAR","parroquia","VE070105",2017,16,0
"Venezuela","Bolivar/CARONI","VISTA AL SOL","parroquia","VE070108",2017,181,11
"Venezuela","Bolivar/CARONI","YOCOIMA","parroquia","VE070110",2017,1797,137
"Venezuela","Bolivar/PIAR","SECCION CAPITAL PIAR","parroquia","VE070601",2017,738,62
"Venezuela","Bolivar/CARONI","CHIRICA","parroquia","VE070102",2017,417,44
"Venezuela","Bolivar/CARONI","DALLA COSTA","parroquia","VE070103",2017,20,0
"Venezuela","Bolivar/CARONI","UNARE","parroquia","VE070106",2017,338,18
"Venezuela","Bolivar/HERES","PANAPANA","parroquia","VE070508",2017,351,64
"Venezuela","Bolivar/CARONI","CACHAMAY","parroquia","VE070101",2017,15,0
"Venezuela","Bolivar/CARONI","UNIVERSIDAD","parroquia","VE070107",2017,5,1
"Venezuela","Bolivar/CARONI","POZO VERDE","parroquia","VE070109",2017,9871,1379
"Venezuela","Bolivar/HERES","MARHUANTA","parroquia","VE070505",2017,381,50
"Venezuela","Bolivar/HERES","ORINOCO","parroquia","VE070507",2017,335,77
"Venezuela","Bolivar/HERES","CATEDRAL","parroquia","VE070502",2017,88,15
"Venezuela","Bolivar/HERES","AGUA SALADA","parroquia","VE070501",2017,568,104
"Venezuela","Bolivar/HERES","LA SABANITA","parroquia","VE070504",2017,351,43
"Venezuela","Bolivar/HERES","VISTA HERMOSA","parroquia","VE070506",2017,675,57
"Venezuela","Bolivar/SUCRE","MOITACO","parroquia","VE071005",2017,2083,571
"Venezuela","Bolivar/HERES","JOSE ANTONIO PAEZ","parroquia","VE070503",2017,122,20
"Venezuela","Bolivar/PIAR","A. E. BLANCO","parroquia","VE070602",2017,972,103
"Venezuela","Bolivar/HERES","ZEA","parroquia","VE070509",2017,1232,244
"Venezuela","Bolivar/SIFONTES","SECCION CAPITAL SIFONTES","parroquia","VE070901",2017,2055,843
"Venezuela","Bolivar/RAUL LEONI","S. C. RAUL LEONI","parroquia","VE070701",2017,0,0
"Venezuela","Bolivar/ROSCIO","SALOM","parroquia","VE070802",2017,0,0
"Venezuela","Bolivar/CEDEÑO","ALTAGRACIA","parroquia","VE070202",2017,77,19
"Venezuela","Bolivar/CEDEÑO","ASCENCION FARRERAS","parroquia","VE070203",2017,2567,999
"Venezuela","Bolivar/PIAR","PEDRO COVA","parroquia","VE070603",2017,4026,924
"Venezuela","Bolivar/ROSCIO","S. C. ROSCIO","parroquia","VE070801",2017,649,86
"Venezuela","Bolivar/SUCRE","LAS MAJADAS","parroquia","VE071004",2017,136,27
"Venezuela","Bolivar/CEDEÑO","SECCION CAPITAL CEDEÑO","parroquia","VE070201",2017,3300,1091
"Venezuela","Bolivar/EL CALLAO","C. EL CALLAO","parroquia","VE070301",2017,23412,5367
"Venezuela","Bolivar/RAUL LEONI","SANTA BARBARA","parroquia","VE070704",2017,2698,846
"Venezuela","Bolivar/SUCRE","GUARATARO","parroquia","VE071003",2017,615,142
"Venezuela","Bolivar/SUCRE","S. C. SUCRE","parroquia","VE071001",2017,325,74
"Venezuela","Bolivar/RAUL LEONI","SAN FRANCISCO","parroquia","VE070703",2017,1730,193
"Venezuela","Bolivar/SUCRE","ARIPAO","parroquia","VE071002",2017,436,106
"Venezuela","Bolivar/CEDEÑO","LA URBANA","parroquia","VE070205",2017,2237,300
"Venezuela","Bolivar/SIFONTES","DALLA COSTA","parroquia","VE070902",2017,22042,8989
"Venezuela","Bolivar/CEDEÑO","GUANIAMO","parroquia","VE070204",2017,116,35
"Venezuela","Bolivar/RAUL LEONI","BARCELONETA","parroquia","VE070702",2017,3494,699
"Venezuela","Bolivar/CEDEÑO","PIJIGUAOS","parroquia","VE070206",2017,7,62
"Venezuela","Bolivar/SIFONTES","SAN ISIDRO","parroquia","VE070903",2017,51621,17113
"Venezuela","Bolivar/GRAN SABANA","SECCION CAPITAL GRAN SABANA","parroquia","VE070401",2017,3779,243
"Venezuela","Bolivar/GRAN SABANA","IKABARU","parroquia","VE070402",2017,814,1981
